category,name
Fake Bush,5 Bunches Realistic Artificial Plants
Fake Boxwood Trees,Auihiay 10 Bundles Artificial Boxwood Shrubs
Fake Outdoor Plants,Clas Ohlson Artificial Grass in a Pot
Fake Bush,Huaesin 4 Pieces Artificial Faux Plants
Fake Bush,Leixi 6pcs Artificial Plants
Fake Outdoor Plants,Lvcky 4 Bouquets Realistic Artificial Plastic Plants
Fake Outdoor Plants,Set of 6 Artificial Succulent Plants
Fake Outdoor Plants,Topcloud 3 Pack Mini Potted Artificial Plants
Fake Fern Plant,4 PCS Artificial Boston Fern Branches Fern Shrubs Leaf Spray Faux Greenery Artificial Plant for Home Garden Wedding Decoration Floral Arrangement
Fake Fern Plant,Artificial Boston Fern Faux Moss Coated Fern Plants Shrubs Fake Fern Leaves Persian Grass Simulation Fake Bushes for Indoor Home Garden Table Centerpieces Arrangements Decoration 30″ Long 3 PCS
Fake Fern Plant,Artificial Boston Fern Plants Shrubs Greenery Fake Fern Leaves Persian Grass Simulation Fake Bushes for Indoor Home Garden Table Centerpieces Arrangements Decoration 30″ Long 3 PCS
Fake Fern Plant,"BELLE VOUS Plastic Artificial Faux Hanging Boston Fern Plants (6 Pack) – Outdoor/Indoor Fake Greenery Ferns for Home, Garden, Vine Wall Basket, Bushes/Shrubs, Wedding Garland and Office Decor"
Fake Fern Plant,"Bestomrogh Artificial Hanging Plants, 2 PCS Fake Plastic Greenery Boston Fern Plant Vine, Ivy Leaves Garland for Indoor Outside Home Office Cafe Wedding Wall Decor"
Fake Fern Plant,DXLing 2 Pieces 80cm Fake Ferns Plants Artificial Ivy Garland Fake Boston Ferns Persian Rattan Artificial Hanging Plants Faux Plants Artificial Hanging Vines Plants for Wall Wedding Hanging Decoration
Fake Fern Plant,"Fycooler Faux Boston Ferns,Artificial Plants Vines Hanging Leaves Artificial Greenery Garland/Wreath 190cm in Length for Wedding Backdrop Arch Wall Decorations Studio Garden Home Décor"
Fake Bush,Huaesin 4 Pieces Artificial Faux Plants
Fake Fern Plant,JaneYi 2 Piece Artificial Boston Fern Plastic Plant Vine Foliage Fake Weeping Willow Ivy Artificial Hanging Ferns Plant Greenery Leaf for Indoor Outside Home Office Cafe Wall Garden Trellis Decor
Fake Fern Plant,JaneYi 6 Pieces Artificial Boston Fern Plant Artificial Phoenix Grass Fake Plastic Greenery Shrub Floral Arrangement Filler Leaf for DIY Indoor Outside Home Office Cafe Kitchen Balcony Garden Decor
Fake Fern Plant,"Leaf LEAF-7050 Artificial Bird’s Nest Fern Plant Black Plastic Pot, 60cm"
Fake Fern Plant,LumenTY 6 Pcs Artificial Fern Bush Plants Shrubs Greenery Artificial plant Faux Plastic Green Plant Decoration for Indoor and Outdoor Home Dining Table Garden Office Balcony Wedding Party Decoration
Fake Sansevieria Plant,"16″ Artificial Snake Plant Faux Agave Fake Sansevieria Artificial Potted Plants for Indoor and Outdoor Home Office Decor (Yellow, 16)"
Fake Agave Plants,27″ H Sansevieria Snake Plant – artificial agave – green color– with pot – from MOMO plant
Fake Agave Plants,Artificial flower 1 Pcs Fake Desert Plants Artificial Flower Sansevieria Simulation Succulent Agave Plant Home Office Shop Garden Decor (random Delivery)
Fake Sansevieria Plant,Artificial Plants Sansevieria Snake Plant with Black Plastic Planter Greenery Perfect Faux Agave Fake Plants in Pot for Home Office Indoor and Outdoo Décor (13.4″ / 7 Leaves)
Fake Agave Plants,Artificial Plants Small Sansevieria Snake Plant with Black Plastic Planter Greenery Perfect Faux Agave Fake Plants in Pot for Home Office Indoor and Outdoo Décor (13.4″ Green/ 7 Leaves)
Fake Sansevieria Plant,Artificial Sansevieria Snake Plant / Mother-in-laws Tongue – 57cm Tall
Fake Sansevieria Plant,Artificial Snake Plants 30″ Faux Agave Fake Sansevieria Artificial Silk Plant for Home Garden Office Store Decoration 4 Pcs (Yellow)
Fake Agave Plants,Beebel Artificial Snake Plant 22″ Fake Sansevieria Potted Plants Plastic Greenery Perfect Faux Agave Plant for Home Garden Office Store Decoration
Fake Agave Plants,"Bird Fiy Artificial Snake Plant Faux Agave Fake Sansevieria Artificial Potted Plants for Indoor and Outdoor Home Office Decor (Green, 16)"
Fake Sansevieria Plant,"Briful Artificial Snake Plant 16″/40.6CM Fake Sansevieria Faux Plants in White Ceramic Pot, Perfect for Indoor Outdoor Home Office Garden Modern Desk Decoration"
Fake Sansevieria Plant,"Clas Ohlson ® Artificial ‘Sansevieria Laurentii’ Mother-In-Laws Tongue, Yellow Green Fake Indoor Plant with Pot 60 cm"
Fake Sansevieria Plant,E-Greetshopping Artificial Yucca Plant with Pot 90 cm Green
Fake Sansevieria Plant,FloralStem Artificial Snake Sansevieria Plant Home Office Interior Decoration
Fake Sansevieria Plant,"Fycooler Artificial Plants Sansevieria,40cm Faux Snakeplant Sansevieria Laurentii Plant, Mother in Laws Tongue Plant Fake Agave Snake Plant Indoor Greenery Home Office Décor Potted Sansevieria Plant"
Fake Fern Plant,Milisten 4pcs Boston Fern Artificial Plants Fake Vines Hanging Ivy Decor Plastic Greenery for Wall Indoor Outdoor Wedding Garland Decor Yellow Green
Fake Fern Plant,MZMing 6 Bundles Realistic Artificial Plant Bouquets Plastic Shrubs and Greenery Bushes Fake Fern Grass Floral Arrangement Filler for Indoor Outdoor Home Office Kitchen Garden Balcony Table Decoration
Fake Fern Plant,SFTlite Artificial Shrub 6 Bundle Boston Fern Artificial Plant-Fake Shrub Leaves Simulation Greenery Bushe Floral Arrangement Filler-Ideal for Home Garden Office Decoration Party Wedding Shows
Fake Fern Plant,Silk Giant Boston Fern Bush – Green Artificial Plant
Fake Fern Plant,XHXSTORE 2 Pack Artificial Hanging Vines Plants Boston Fern Leaves Plastic Gypsophila Flowers Fake Ivy Vine Trailing Weeping Greenery Drooping Plant Garland for Wall Indoor Outdoor Basket Decoration
Fake Fern Plant,XHXSTORE 2 Pcs Artificial Fern Plants Fake Fern Indoor Outdoor Hanging Plastic Plants Faux Shrubs Greenery Bushes Big Boston Fern for Home Garden Verandah Wedding Hanging Basket Decor 48cm
Fake Fern Plant,XHXSTORE 2Pcs Artificial Plants Plastic Greenery Shrub Bushes Fuax Boston Fern Fake Persian Grass Fern Plant Arrangement for Indoor Outdoor Garden Wedding Office Home Table Decoration
Fake Bush,YGSAT 4 Pcs Persian Grass Fern|Artificial Bushes| Artificial Fern Grass Plastic green Plant|Fake Flower Plants – Ideal for Indoor Outside Home Garden Office Table Verandah Decoration Party Wedding
Fake Sansevieria Plant,"Leaf Artificial Tropical Snake Plant, 50cm Sansevieria"
Fake Sansevieria Plant,"Leaf LEAF-7087 Design UK Artificial Sansevieria Yellow Green Indoor Snake Plant, 55cm"
Fake Sansevieria Plant,"Leaf LEAF-7100 Design UK Artificial Sansevieria Yellow Green Indoor Snake Plant, 90cm"
Fake Sansevieria Plant,"Leaf LEAF-7537 70cm Artificial Plant, Moonshine Sansevieria"
Fake Agave Plants,"momoplant 27″ Artificial Agave Sansevieria Plants with 22 leaves, Green Color with Pot for Indoor Outdoor Decor"
Fake Dracaena Plant,"momoplant Artificial snake stripe Plant Faux Agave Fake Sansevieria Dracaena Potted Plants for Indoor&Outdoor Office Home room Decor 26″inchs 65CM (25.6“L * 13.7W Inchs, Green)"
Fake Sansevieria Plant,Nearly Natural 33” Sansevieria Artificial Silk Plants Green
Fake Sansevieria Plant,"Royal Imports Artificial Sansevieria Leaf Plant, Life-Like Snake Plant Faux Mother-in-Law Tongue Tree, Dark Green in Decorative Planter – 36″ Tall"
Fake Sansevieria Plant,"Sansevieria Plants 26″ Artificial Snake Plants Faux Green Plants Fake Indoor Floor Plants,Mother-in-law’s Tongue in Unbreakable Pot for Home Office 1 Pack"
Fake Sansevieria Plant,vidaXL Artificial Sansevieria Plant with Pot 65cm Green Indoor Lifelike Fake
Fake Eucalyptus Plant,"10 pcs 30cm Artificial Eucalyptus Branches Plants Silver Dollar Leaves Spray Greenery Bushes Fake Seeded Stem for Tables Decoration, Jungle Theme Party, Wedding Party Floral Arrangement Whaline"
Fake Eucalyptus Plant,3 Bundles Artificial Silver Dollar Eucalyptus Leaf Eucalyptus Leaf Sprays Realistic Artificial Eucalyptus Leaf 50 cm(20”) (white)
Fake Eucalyptus Plant,3 Pack Mini Potted Artificial Plants Faux Fake Greenery Eucalyptus Rosemary Plants for Home Office Table Desk Shower Kitchen Shelf Bedroom Bathroom Decoration Indoor Outdoor Decor
Fake Eucalyptus Plant,"3 Sets Decorative Artificial Plants,Green Plants Indoor Real Boom，Outdoors Large Potted，Eucalyptus,Rosemary and Gypsophila for Living Room Garden Decoration Bathroom,Bedroom,Kitchen,Office Desk PlantA"
Fake Eucalyptus Plant,"4 Pack Small Potted Artificial Plants, Faux Succulent Plants Gypsophila Eucalyptus Plant Pot for Office Desk, Home Bathroom Garden Indoor Decoration"
Fake Eucalyptus Plant,"Briful Mini Potted Artificial Plant Faux Flocked Eucalyptus Boxwood Rosemary Plants Small Houseplants Fake Greenery Room Decor for Table Desk Kitchen Shelf Bedroom Decoration, Set of 2"
Fake Eucalyptus Plant,Cekene 3 Pack Mini Potted Artificial Plants Fake Small Eucalyptus Greenery Plastic Faux Plants in Pots 9.5″ for Home Tabletop Office Farmhouse Bathroom Kitchen Indoor Outdoor Decor
Fake Eucalyptus Plant,Floralsecret 3 Pack Mini Artificial Potted Plants Faux Eucalyptus Rosemary Fern Greenery in Pots for Home Office Desk Room Decoration
Fake Eucalyptus Plant,"GDORUN 4 mini Potted Fake plants,Faux Succulents and Artificial Eucalyptus Plants Faux Eucalyptus in Pot Indoor for Home Tabletop Office Bathroom Kitchen Decoration (4Pot-B Fairy)"
Fake Eucalyptus Plant,Homcomodar 3 Pack Artificial Potted Plants Faux Eucalyptus Greenery in Pots Decorative Plant for Tabletop Décor
Fake Eucalyptus Plant,"HOMEFUN Fake Desk Plants Faux Potted Plants Eucalyptus Artificial Flowers Artificial Lavender Plant for House Office Bathroom Kitchen Bedroom, 2 Pack"
Fake Eucalyptus Plant,Kitzini Mini Potted Plants Artificial Flocked Eucalyptus Boxwood Rosemary Greenery in Pots Faux Potted Herbs Small Houseplants 8.8″-10″ Tall for Indoor Greenery Tabletop Décor Centerpiece 3 Pack
Fake Eucalyptus Plant,MELAJIA Faux Eucalyptus Branches 6 Pcs Artificial Greenery Stems Eucalyptus Silver Dollar Stems Silk Green Leaves Plant Garland for Home Party Wedding Decoration (24.8” Tall)
Fake Eucalyptus Plant,"New rui cheng Artificial Plant, Mini Plastic Plants Small Fake Plant Real Eucalyptus Rosemary Gypsophila 3pack Set with Pot Indoor Green Bonsai for Home Bathroom Kitchen Office Desk Garden Decoration"
Fake Eucalyptus Plant,"OFFIDIX Mini Plastic Eucalyptus Artificial Plants with Vase for Office desk, home and friends’ gift Fake Plant with Plastic Pots for Home Decoration (White)"
Fake Eucalyptus Plant,OFFIDIX Potted Artificial Plants Faux Plastic Plants with Pots ini Plastic Eucalyptus Plants for Home Office Decoration
Fake Eucalyptus Plant,"Tifuly 4 Pcs Artificial Silver Dollar Eucalyptus Leaves, 25.6” Silk Greenery Foliage Plants for Home Office Party Wedding Bouquet Decor, DIY Floral Arrangements, Centerpieces(Spray Green)"
Fake Eucalyptus Plant,VGIA 6 Pcs Artificial Greenery Stems Eucalyptus Leaf Spray in Green Fake Greenery for Home Office Wedding Decor
Fake Orchid Plant,15″ Artificial Phalaenopsis Flowers Arrangement Artificial Orchid Bonsai in Silver Pot Fake Flowers Silk Orchid Flower for Table Centerpieces Living Room Home Décor
Fake Orchid Plant,17″ Artificial Orchid Phalaenopsis Flowers Decorative Orchid Bonsai Fake Flowers Silk Orchid Flower with Silver Ceramic Pot for Table Centerpieces Living Room Home Décor
Fake Orchid Plant,Artificial Orange Orchid Flowers Fake Flower Bonsai with Square Basin Artificial Orchids Plant Arrangement Party Home Decor
Fake Orchid Plant,Artificial Orchid Plant Fake White Orchid Flower Real Touch Phalaenopsis Silk Orchids With Ceramic Pot Potted For Table Decorations Bedroom Bathroom Living room Indoor Decor
Fake Orchid Plant,Artificial Orchid White Orchid Plant Silk Flowers Real Touch Fake Orchid Artificial Flowers Bonsai With Silver Ceramic Vase Artificial Potted Plant For Home Bedroom Kitchen Bathroom Table Decoration
Fake Orchid Plant,Asvert Phalaenopsis Artificial Flower Orchid Bonsai with Ceramic Vase Wedding Party Home Centerpiece Decor (Pink)
Fake Orchid Plant,"BLOOM Artificial Double Phalaenopsis Orchid – Artificial Flowers, Silk Flowers, Faux Flowers That Look Real, Perfect For Mothers Day Flowers, Artificial Foliage in Glass Vase"
Fake Orchid Plant,"Briful Artificial Flower Orchid Flowers Plant Silk Phalaenopsis in Silver Ceramic Pot for Wedding Dinning Table Centerpiece Home Decor, Pink Lifelike Fake Flower"
Fake Orchid Plant,FagusHome 32 Inches Artificial Phalaenopsis Flowers 4 Pcs with 2 bundles Leaves Artificial Orchid Flowers Stem Plants for Home Décor (White)
Fake Orchid Plant,Famibay Artificial Orchid Plant in Pot White Phalaenopsis Flowers Fresh Real Touch Orchid Flowers for Home Decoration
Fake Orchid Plant,Famibay Artificial Phalaenopsis Orchid flowers Real Touch 11 Heads White Butterfly Orchid Flowers for Home Decoration Pack of 3 (White)
Fake Ficus Trees,Homescapes 4 Feet Green Ficus Tree With Real Wood Stems and Lifelike Leaves Replica Artificial Plant
Fake Orchid Plant,HOMESCAPES Cerise Purple Orchid in Pot 40 cm – Artificial Orchid Flowers for Indoor & Outdoor Decoration
Fake Orchid Plant,HOMESCAPES Large Artificial Pink Orchid in Pot 82 m Tall Lifelike Faux Orchid Plant In Grey Cement Pot Real Touch Silk Flowers and Green Leaves Phalaenopsis Orchid Flower for Indoor Decoration
Fake Orchid Plant,"Homescapes Large Burgundy Orchid with Artificial Silk Flowers in Grey Stone Pot, 57cm Tall with Lifelike Petals"
Fake Orchid Plant,HOMESCAPES Oriental Style White Orchid in a Contemporary Black Pot 70 cm – Artificial Flowers and Plants for Indoor Decoration
Fake Orchid Plant,Olrla White Artificial Phalaenopsis Orchid Plant in Pot for Table Office Home Wedding Party Garden Decor (White 1)
Fake Orchid Plant,RENATUHOM Artificial Orchid Flower Arrangements with Porcelain Vase Bonsai Artificial Flowers for Decoration Orchid Plant Fake White Flowers Home Bathroom Kitchen Table Centerpiece
Fake Orchid Plant,"RENATUHOM Artificial Orchid Flower Indoor, Decorative Purple Fake Flower Bonsai with Ceramic Vase, Artificial Plants Vivid Plant Arrangement Bonsai Party Home Decor"
Fake Orchid Plant,RENATUHOM Artificial Orchid Flower Phalaenopsis Fake Plant White Silk Orchid Artificial Flowers Bonsai for Home Table Indoor Decor with Vase
Fake Orchid Plant,RENATUHOM Artificial Orchid Flowers Fake White Flowers Orchid Plant With Vase Faux Flowers Decor Indoor Fake Plant Phalaenopsis Orchid Artificial Flower Arrangements Home Party Table Centerpiece
Fake Orchid Plant,RENATUHOM Artificial Orchid Purple Flower Orchid Flowers Artificial Plants Orchid Pot Flowers Silk Flower In Vase Kitchen Table Centerpiece Bathroom Ornament Home Decorative Flowers
Fake Orchid Plant,RENATUHOM Artificial Orchid Purple Flowers Fake Orchid Silk Phalaenopsis Artificial Flowers Arrangement Potted Orchid 12 Head with Two Stems Plant Home Table Party Decor
Fake Orchid Plant,RENATUHOM Pink Flowers Artificial Orchid Bonsai Fake Orchid Plant Phalaenopsis Orchid Artificial Flowers in Vase For Decoration Home Office Table Table Centerpiece
Fake Orchid Plant,"SHACOS Artificial Orchid White Artificial Phalaenopsis Orchid Plants Mini Orchid Silk Flower Arrangements Artificial Silk Flowers Perfect for Wedding, Decoration"
Fake Orchid Plant,U’Artlines Artificial Phalaenopsis Orchid Arrangement in Vase Decorative Artificial Orchid Flower Real Touch Home Office Party Decoration 38cm H
Fake Dracaena Plant,"4Ever Green Artificial Realistic Dracaena Dragon Plant Dracena Tree Fake Tall Plant for Home Room Indoor Outdoor Decoration in Plastic Pot, 155 cm"
Fake Dracaena Plant,"4Ever Green Artificial Realistic Dracaena Dragon Plant Dracena Tree Fake Tall Plant for Home Room Indoor Outdoor Decoration in Plastic Pot, 75 cm"
Fake Dracaena Plant,"artplants.de Artificial Bush of Dracaena in decorative pot, green, 7ft/215cm – Fake dracaena/Decorative plant"
Fake Dracaena Plant,"artplants.de Artificial Dracaena Fragrans (Cornstalk Dracaena), green, 4ft/120cm – Plastic Dracaena – Pool Decoration"
Fake Dracaena Plant,"artplants.de Artificial Dracaena JALA with 5 trunks, white-green, 4ft/120cm – Plastic Dracaena/Fake tree"
Fake Dracaena Plant,"artplants.de Artificial Dracaena marginata RADO, green-red, 6ft/180cm – Plastic dracaena/Decoration plant"
Fake Dracaena Plant,"artplants.de Artificial dracaena reflexa PHILOMENA, real trunks, green, 160cm – Faux dracaena/Imitation plant"
Fake Dracaena Plant,artplants.de Artificial Dracaena Reflexa/yellow-green / 3’11” / 120cm – Plastic Dracaena – Patio Decoration
Fake Dracaena Plant,"artplants.de Plastic Dracaena Fragrans Compact, 4ft/120cm – Artificial Dracaena – Office Decoration"
Fake Dracaena Plant,"artplants.de Plastic Dracaena Magenta, 4ft/120cm – Artificial Dracaena – Pool Decoration"
Fake Dracaena Plant,"artplants.de Set 2 x Plastic Dracaena Reflexa, yellow-green, 6ft/180cm – 2 pieces Artificial Dracaena – Patio Decoration"
Fake Dracaena Plant,"artplants.de Set 2 x Plastic Dracaena Surculosa, 9ft/270cm – 2 pieces Artificial Dracaena – Decorative Plant"
Fake Dracaena Plant,Dracaena Janet Craig | 2 Plants | houseplant | Height 70 cm | Pot 17 cm | Easy Maintenance
Fake Dracaena Plant,"Dracaena Lemon Lime | houseplant | Height 70 cm | Pot 17 cm | Easy Maintenance (1, Without Pot Cover)"
Fake Dracaena Plant,Dracaena Marginata | houseplant | Height 125 cm | Pot 24 cm | Easy Maintenance
Fake Dracaena Plant,"Dragon Tree | Dracaena fragrans Warneckii | 2 Plants | houseplant | Height 70 cm | Pot 17 cm | Easy Maintenance (2xWarneckii, Without Pot Cover)"
Fake Dracaena Plant,Flore Office Dracaena Artificial Buxus Reflex (160 cm) Top of the Range Dracaena Tropical Artificial Trees
Fake Dracaena Plant,Flore Office Dracaena Artificial Cordyline (60 cm) Top of the Range Dracaena Tropical Artificial Plants
Fake Dracaena Plant,"Gecko Artificial Dracaena Plant with 15 leaves, 80cm"
Fake Dracaena Plant,"Geko Artificial Dracaena Marginata tree, 120cm"
Fake Dracaena Plant,Indoor Plant -House or Office Plant -Dracaena marginata – Madagascar Dragon Tree 120cm
Fake Dracaena Plant,Indoor Plant -House or Office Plant -Dracaena marginata – Madagascar Dragon Tree Approx 80cm Tall
Fake Dracaena Plant,"Leaf Ceramic Drip Glazed Planter with Artificial Plant, green dracaena, 20cm, LEAF-7437"
Fake Dracaena Plant,"Leaf Design UK Artificial Dracaena Plant with Black Pot, Plastic, Variegated, 90cm"
Fake Dracaena Plant,"Leaf LEAF-7069 Design UK 75cm Artificial Dracaena Plant-Wide Trunk Triple Branch Large Black Plastic Pot, Variegated"
Fake Dracaena Plant,"Mica Decorations 1026439 Dracaena in Green – H110XD60 CM Rubber Plant Pot, Green, 60 x 60 x 110 cm"
Fake Dracaena Plant,"Mica Decorations 966130 Dracaena in Plastic Pot, Polyester, green, 77 x 77 x 100 cm"
Fake Dracaena Plant,"momoplant Artificial snake stripe Plant Faux Agave Fake Sansevieria Dracaena Potted Plants for Indoor&Outdoor Office Home room Decor 26″inchs 65CM (25.6“L * 13.7W Inchs, Green)"
Fake Dracaena Plant,Nearly Natural 4ft. Corn Stalk Dracaena Silk Plant Real Touch Green 125cm Artificial Floor Potted Plants Fake Plant for Interior Home Decoration
Fake Dracaena Plant,"Outsunny 110cm/3.6FT Artificial Dracaena Tree Decorative Plant 40 Leaves with Nursery Pot, Fake Tropical Tree for Indoor Outdoor Décor"
Fake Dracaena Plant,SKM Artificial Dracaena Plant with Pot 90 cm Green
Fake Dracaena Plant,Tidyard Artificial Dracaena Tree with Pot Outdoor&Indoors Plant Bonsai Display in Home 100 cm Green and Yellow
Fake Dracaena Plant,vidaXL Artificial Dracaena Plant with Pot 90cm Green Fake Lifelike Indoor
Fake Hydrangea Plant,"Brandless High Details Hydrangea Silk Flowers, Artificial Hydrangea Pack of 4 (Blue)"
Fake Hydrangea Plant,"CattleyaHQ 4 Heads Artificial Hydrangea Flowers,Elegant Hydrangea Bouquet,Simulation Plant Decoration for Party/Wedding/Home/Kitchen (White)"
Fake Hydrangea Plant,"Decpro 12Pcs Artificial Hydrangeas with Stems, 54 Petals Realistic Silk Hydrangea Fake Flowers for Wedding Home Office Party Café Arches Decoration, Centerpiece, DIY Floral Arrangements(Cream White)"
Fake Hydrangea Plant,"Decpro 12Pcs Artificial Hydrangeas with Stems, 54 Petals Realistic Silk Hydrangea Fake Flowers for Wedding Home Office Party Café Arches Decoration, Centerpiece, DIY Floral Arrangements(Light Purple)"
Fake Hydrangea Plant,"Decpro 6Pcs Artificial Hydrangeas, 6.6” Single Stem Hydrangea Silk Flowers for Bridal Wedding Bouquets, Home, Office, Hotel, Party Decoration, Centerpieces, Floral Arrangements (Purple)"
Fake Hydrangea Plant,"Famibay Hydrangea Fake Flowers 3 Pcs Artificial Flowers Bouquet Wedding Party Floral Décor Hydrangea Flower for Garden (3Pcs, Blue)"
Fake Hydrangea Plant,FiveSeasonStuff Real Touch Petals and Leaves Artificial Hydrangea Flowers Long Stem Floral Arrangement | for Wedding Bridal Party Home Décor DIY Floral Decoration | 2 Stems (White | Pale Green)
Fake Hydrangea Plant,Hydrangea Artificial Flowers 10pcs White Artificial Hydrangeas Flower Fake Flowers Real Touch Bridal Wedding Bouquet Faux Flowers for Home Party Hotel Office Christmas Thanksgiving Decor
Fake Hydrangea Plant,JUSTOYOU 3pcs Artificial Fake Cute Peony Silk Hydrangea Bouquet Grave Home Spring Beautiful Hydrangea Artificial Flower for Wedding Garden Decor(Blue)
Fake Hydrangea Plant,"SNAILGARDEN 30 Heads Artificial Hydrangea Flower,5 Packs Silk Realistic Hydrangea Bunch Bouquet with Greeting Card for Wedding Party Decoration Arrangement Gift(White,Blue,Green,Pink,Purple)"
Fake Hydrangea Plant,"Tifuly Artificial Hydrangea Flower, 5 PCS Realistic Single Long Stem Silk 6.6 Inch Flower Head Hydrangea Bouquets for Wedding, Home, Hotel, Party Decoration, Floral Arrangement(White)"
Fake Hydrangea Plant,"VINFUTUR 3 Bunches Artificial Peony Silk Flowers Fake Peony Silk Hydrangea Bouquet Bridal Bouquet for Wedding, Party, Home Decoration (White)"
Fake Hydrangea Plant,VINFUTUR 3Pcs Artificial Hydrangea Flower Fake Hydrangea Bouquets for Wedding Home Party Decoration (Orange Red)
Fake Hydrangea Plant,"XONOR 4 Packs Artificial Silk Hydrangea Fake Bridal Bridesmaid Flower Bouquet for Wedding Party Home Decoration, 10 heads, 36cm (Green)"
Fake Monstera Plant,"3 Pcs Artificial Tropical Palm Leaves Fake Monstera Tree Plant for Home Decorations 24.5 “, Green"
Fake Monstera Plant,AIVORIUY Artificial Palm Leaves with Stems Tropical Plant Large Faux Turtle Leaf Artificial Plants Monstera Leaves Safari Leaves for Home Hawaiian Luau Party Wedding Jungle Decorations Table Plant
Fake Monstera Plant,"Artificial Trees, 2 Set of 16 Inches Artificial Plants Faux Trees with Monstera and Palm Trees in Black Potted Plant for Home Office Indoor Outdoor Decoration, Monstera & Palm Trees, 2 Packs"
Fake Monstera Plant,DWANCE Artificial Potted Simulation Monstera Plant with Plastic anti-stone Faux Plant Turtle Back Leaf Fake Plastic Plant for Home Office Table Kitchen Shelf Bedroom Decoration Indoor Outdoor 40cm
Fake Monstera Plant,Falflor 2PCS Artificial Monstera Deliciosa Tree 120cm Faux Ficus Tree with Green Leaves Realistic Fake Tree Plant in Pot for Living Room Office Corner Front Door Home Decor
Fake Monstera Plant,FloralStem 100 cm Artificial Monstera Plant Multi Branch Tropical Potted
Fake Monstera Plant,FloralStem 100 cm Artificial Monstera Plant Tropical Potted
Fake Monstera Plant,"Leaf Artificial Monstera Plant, 120cm"
Fake Monstera Plant,Leaf LEAF-7068 Artificial Monstera Plant 60cm Black Pot
Fake Monstera Plant,"Leaf LEAF-7539 70cm Artificial Twisted Stem Plant, Monstera Vine"
Fake Monstera Plant,"Leaf LEAF-7540 90cm Artificial Twisted Stem Plant, Monstera Vine"
Fake Monstera Plant,"Leaf LEAF-7541 65cm Artificial Twisted Stem Plant, Monstera Vine"
Fake Monstera Plant,"Leaf LEAF-7542 60cm Artificial Twisted Stem Plant, Monstera Vine, 59cm"
Fake Monstera Plant,"Leaf LEAF-7543 120cm Artificial Twisted Stem Plant, Monstera Vine"
Fake Monstera Plant,"OTARTU Potted Fake Plants Artificial Monstera Deliciosa Tropical Plants with Pot, Home Office Desk,Book Shelf Decoration 25cm H"
Artificial Cheese Plant,"Outsunny 100cm/3.3FT Artificial Monstera Tree Decorative Cheese Plant 21 Leaves with Nursery Pot, Fake Tropical Palm Tree for Indoor Outdoor Décor"
Artificial Cheese Plant,"Outsunny 85cm/2.8FT Artificial Monstera Tree Decorative Cheese Plant 13 Leaves with Nursery Pot, Fake Tropical Palm Tree for Indoor Outdoor Décor"
Fake Monstera Plant,"Wakauto Faux Monstera Plant,Green Faux Monstera for Home Decor"
Artificial Cheese Plant,"whyshare 26cm Artificial Potted Cheeseplant Monstera, Variegated Ivy and Tropical Leaf Mini Plants Bedroom Outdoor Faux indoor plant set x3"
Artificial Cheese Plant,whyshare Faux Artificial Green Monstera Swiss Cheese Plant Split-Leaf Philodendron Home Office/Indoor and Outdoor in white Pot 36cm
Artificial Cheese Plant,"WhyShare Faux Artificial, Leaf Monstera Large Swiss Cheese Plant, Home office and Indoor/Outdoor Green in Cement Pot 50cm"
Artificial Cypress Tree,"35 Inch/2.95ft Artificial Topiary Spiral Cypress Trees Ceder Trees Boxwood Topiary Artificial outdoor Faux Topiary Spiral Cypress Trees Artificial Topiary Trees,Faux topiary Boxwood trees,Set of 2"
Artificial Cypress Tree,Artificial Cedar Pine Cypress Conifer Tree 90cm/3ft Potted Topiary Plant for Indoor Outdoor Decor
Artificial Cypress Tree,Artificial Cypress Topiary Spiral Tree – 1.2m (4ft) – UV resistant – Indoor/Outdoor Use
Artificial Cypress Tree,Artificial Cypress Topiary Spiral Tree – 1.5m (5ft) – UV resistant – Indoor/Outdoor Use
Artificial Cedar Trees,"artplants.de Artificial Cedar LEONARDO, green, 6ft/180cm – Artificial cypress tree/Fake tree"
Artificial Cedar Trees,Best Artificial Pair of 3ft 90cm Conifer Pine Cypress Cedar Trees
Artificial Cedar Trees,Best Artificial Potted Cedar Pine Cypress Conifer Tree (2ft)
Artificial Cypress Tree,Best Artificial Potted Cedar Pine Cypress Conifer Tree (4ft)
Artificial Cypress Tree,Flore Office Artificial Cypress Mini New (93 cm) Top of the Range Cypress Outdoor Artificial Trees
Artificial Cypress Tree,Home Pure Garden 3-Foot-Tall Artificial Cypress Spiral Topiary Indoor or Outdoor UV Protection Trees in Pot Office
Artificial Cypress Tree,"Leaf Artificial Cypress Topiary Tree UV Protected, Cedar Extra Bushy, 95cm"
Artificial Cypress Tree,"LORIEL Artificial plants fake potted plants,3ft Pine and Cypress Solid Wood, UV resistant, suitable for Indoor and Outdoor decoration Simulation Tree"
Artificial Cedar Trees,momoplant 18 inch Artificial boxwood topiary tree Artificial Cedar Cypress tree Artificial cypress spiral topiary trees Artificial Tree，topiary trees artificial outdoor Cypress ball
Artificial Cedar Trees,momoplant 3ft Artificial Topiary Cedar Trees For Outdoors Artificial Cypress Spiral Trees Faux Cypress Spiral Silk Trees Boxwood Topiary Plants Indoor Outdoor Decor（35inch） 2PACK
Artificial Cedar Trees,"momoplant Artificial Cedar Pine Cypress Conifer Tree, 120cm/4ft Potted Topiary Plant for Indoor Outdoor Decor"
Artificial Cypress Tree,"momoplant Artificial Ceder Trees Fake Cypress artificial tree fake tree outdoor plants topiary trees artificial outdoor fake outdoor plants Cedar Tree Silk Tree,Home Office Decor 35″ Inchs-90CM"
Artificial Cypress Tree,momoplant Artificial Cypress Ball Plant Round Cedar Cypress Topiary Tree Plants Indoor Outdoor Realistic Potted Shrub Décor 20.8 Inchs With Black Pot
Artificial Cypress Tree,"momoplant Artificial Spiral Trees, 2 Set of 3 Ft / 90cm Topiary Cypress Plants for Outdoor and Indoor Decor with Black Pot"
Artificial Lillies,Best Artificial 45cm Stargazer Lillies 10 Head Flower lily Spray Bunch (Dark Pink)
Artificial Lillies,"CQURE Artificial Flowers, Fake Flowers Silk Artificial Calla Lily Bridal Wedding Bouquet for Home Garden Party Wedding Decoration 12Pcs (Pure White)"
Artificial Lillies,FiveSeasonStuff 12 Stems of Artificial White Lily of the Valley Flowers for Home Decorating Wedding Bouquet 38cm (15 inches)
Artificial Lillies,"FiveSeasonStuff 6 Long Stems of Real Touch Artificial White Calla Lily Flowers & Bouquet, for Home Shop Office Restaurant Wedding Party Décor/DIY Flower Arrangement Decoration, 64cm (25.2 inches)"
Artificial Lillies,"KIRIFLY Artificial Flowers,Artificial Plants Outdoor 6 Packs Plastic Flowers Fake Calla Lily Faux Plant UV Resistant Greenery for Garden Home Decor (Colorful)"
Artificial Lillies,Kisflower 2 Bunches Artificial Peony Flowers Silk Peony Bouquet with Lily Artificial Lily Bouquet for Home Table Wedding Office Decor (Orange)
Artificial Lillies,"MEIWO Artificial flowers, 5pcs Artificial Lillies with 3 Buds, Full Bloom Artificial Latex Real Touch Flowers for Home Decor, Wedding, Parties, Offices, Restaurants(White)"
Artificial Lillies,"NNIUK White Lily Bush Artificial Flower, Lily Real Touch Lily Flower Bouquet Wedding/Graves/Vases(5Pcs)"
Artificial Lillies,"Veryhome 20 Pcs Calla Lily Bridal Bouquet of Flowers Artificial Flower Head Latex Real Touch Home,Party,Wedding Decoration (White-Yellow)"
Fake Yucca Plants,"Artificial Silk Yucca Stem Plant – 120cm, Red"
Fake Aloe Vera Plants,"artplants.de Artificial Plants Set – Alejandra with Aloe, Yucca, Echeveria, Crassula Artificial Cactus in Ceramic Pot, 18cm"
Fake Yucca Plants,"artplants.de Artificial Yucca OWEN, 5ft/165cm – Fake palm tree/Palm replica"
Fake Yucca Plants,"artplants.de Artificial yucca rostrata DRAKE, 80cm – Fake yucca plant/Faux tree"
Fake Yucca Plants,"artplants.de Fake yucca FRONTEIRA, 4ft/110cm – Artificial yucca plant/Faux tree"
Fake Yucca Plants,"artplants.de Fake Yucca rostrata JIMENA, 4ft/115cm – Artificial yucca plant/Faux tree"
Fake Yucca Plants,"artplants.de Plastic Yucca Shrub KEYLA DELUXE, 28″/70cm -Artificial Yucca palm/fake palm tree"
Fake Yucca Plants,Closer to Nature Artificial 2ft 1″ Yucca Plant – Artificial Silk Plant and Tree Range
Fake Yucca Plants,DHTOMC Artificial Plants Artificial Yucca Plant with Pot 155 cm Green for Home Office Bathroom
Fake Sansevieria Plant,E-Greetshopping Artificial Yucca Plant with Pot 90 cm Green
Fake Yucca Plants,Emerald Artificial Yucca 120cm Faux Lifelike Indoor Home Plant Greenery Decor
Fake Yucca Plants,Indoor Plant -House or Office Plant -Yucca elephantipes – Spineless Yucca 80cms Tall
Fake Yucca Plants,KPOON Decorative Artificial Plants Artificial Yucca Plant With Pot 155 Cm Green Home Garden Window Decor
Fake Yucca Plants,"Large Yucca House Plant Easy to Grow and Undemanding Spineless Yucca, Long Lasting, 1 x Yucca Elephantipes Plant in a 17cm Pot by Thompson and Morgan"
Fake Yucca Plants,LJY 2 Pieces Realistic Artificial Faux Succulent Yucca Vera Greenhouse Small Plants Unpotted for Home Garden Decoration (Spring Green)
Fake Yucca Plants,Mica decorations Artificial Yucca Palm Tree – Yucca Palm in Plastic Pot – H 120 x D 60 cm
Fake Yucca Plants,Tidyard Artificial Plant Yucca Tree with Pot Outdoor&Indoors Plant Bonsai Display in Home 155 cm Green
Fake Yucca Plants,vidaXL Artificial Plant Yucca Tree with Pot Home Office Indoor Outdoor Authentic Realistic Faux Fake Flower Greenery Decoration Green 145cm
Fake Yucca Plants,Yucca Elephantipes Plant – Live Premium Evergreen Indoor Houseplant in 12cm Pot
Fake Yucca Plants,Yucca Elephantipes Spinless Yucca Live Indoor Decorative Houseplant in 12cm Pot
Fake Yucca Plants,Yucca elephantipes | Palm on 2 Stems | Tropical houseplant | Height 90-100 cm Pot Ø 21 cm
Fake Strelitzia Plant,3 ft Artificial Bird of Paradise Plant Tropical Potted Strelitzia Flowers
Fake Strelitzia Plant,5 ft Artificial Bird of Paradise Plant Tropical Potted Strelitzia Flowers
Fake Strelitzia Plant,"Artificial Bird of Paradise Plant (Strelitzia) – 1.2m high, premium quality replica houseplant."
Fake Strelitzia Plant,Artificial Potted Plant for Indoor Use Modern Plastic Decoration with Black Pot Strelitzia Tree
Fake Strelitzia Plant,"artplants.de Artificial bird of paradise flower KUMBIA, green, 120cm – Silk Strelitzia/Fake crane flower plant"
Fake Strelitzia Plant,"artplants.de Fake plant Strelitzia PAVLOVA, green, 6ft/190cm – Silk bird of paradise/Fake crane flower plant"
Fake Strelitzia Plant,"artplants.de Plastic Bird of Paradise Bush with 8 Leaves; 2 Blossoms, orange, 3ft/100cm – Artificial Strelitzia – Decoration Plant"
Fake Strelitzia Plant,Fliyeong Artificial Flower Bird of Paradise Fake Plant Silk Strelitzia Reginae Home Decor – Orange Stylish and Popular
Fake Strelitzia Plant,Large Bird of Paradise Stems – 105 cm Long Artificial Strelitzia Flowers – set of 6
Fake Strelitzia Plant,Large Bird of Paradise Stems – 90 cm Long Artificial Strelitzia Flowers – 6 Stems
Fake Strelitzia Plant,"Leaf LEAF-7072 70cm Large Artificial Bird of Paradise Plant, Yellow"
Fake Strelitzia Plant,"LIFA LIVING Artificial Plant, Fake Strelitzia Plant for Decoration, Tall Realistic Strelitzia tree for Bedroom and Office 150 x 50 cm"
Fake Strelitzia Plant,lyrlody Artificial Strelitzia Artificial Plant for Living Room or Office 155 cm Height
Fake Strelitzia Plant,mewmewcat Artificial Strelitzia Reginae Plant Bird of Paradise Plastic Flower and Leaves 66 cm
Fake Strelitzia Plant,Ola Flowers 3 x Small Bird of Paradise/Strelitzia Artificial Stems
Fake Strelitzia Plant,Tidyard Artificial Plant Strelitzia with Pot Outdoor&Indoors Plant Bonsai Display in Home Green 100 cm
Fake Strelitzia Plant,Tidyard Artificial Plants Indoors Artificial Plants Outdoor Large Strelitzia Reginae Plant Bird of Paradise 155 cm
Fake Strelitzia Plant,vidaXL Artificial Plant Strelitzia with Pot Home Office Indoor Outdoor Authentic Realistic Faux Fake Flower Greenery Decoration Red 100cm
Fake Strelitzia Plant,vidaXL Artificial Strelitzia Reginae Plant Bird of Paradise 155cm Fake Flora
Fake Bush,5 Bunches Realistic Artificial Plants
Fake Boxwood Trees,Auihiay 10 Bundles Artificial Boxwood Shrubs
Fake Bush,FUJIE 4pcs Artificial Plants Faux Plastic Shrubs Fake Wheat Grass Simulation Greenery Bushes for Indoor and Outdoors Home Table Garden Office Verandah Wedding Décor
Fake Bush,HUAESIN 2 Pcs Fake Plants Outdoor Artificial Shrubs Bundles Plants Faux Plastic Plants Greenery Bushes Home Kitchen Office Garden Windowsill Table Centerpieces Arrangements Indoor Outside Decor
Fake Bush,Huaesin 4 Pieces Artificial Faux Plants
Fake Bush,Leixi 6pcs Artificial Plants
Fake Bush,NAHUAA 4Pcs Outdoor Fake Plants UV Resistant Artificial Greenery Bush Faux Plastic Shrubs for Table Centerpieces Arrangements Indoor Home Kitchen Office Windowsill Decorations
Fake Bush,Omldggr 12 Bundles Artificial Plants Grass Plastic Greenery Shrub Bushes Plastic Wheat Grass for Indoor Outdoor Home Garden Decoration
Fake Bush,VINFUTUR 12Pcs Artificial Plants Fake Eucalyptus Bouquet Greenery Shrub Bushes UV Resistant Plants 2 Bunches for Home Wedding Party Garden Decoration (Pink Green)
Fake Bush,XONOR (Pack of 6) Artificial Green Plant Eucalyptus Plastic Large Money Leaves Grass Bush for Home Table Office Outdoor Decoration
Fake Bush,YGSAT 4 Pcs Persian Grass Fern|Artificial Bushes| Artificial Fern Grass Plastic green Plant|Fake Flower Plants – Ideal for Indoor Outside Home Garden Office Table Verandah Decoration Party Wedding
Fake Tongue Plant,3ft Artificial Tree in Gloss Black Milano Pot – 1 x Mother in Law’s Tongue / Snake Plant
Fake Sansevieria Plant,Artificial Sansevieria Snake Plant / Mother-in-laws Tongue – 57cm Tall
Fake Sansevieria Plant,"Clas Ohlson ® Artificial ‘Sansevieria Laurentii’ Mother-In-Laws Tongue, Yellow Green Fake Indoor Plant with Pot 60 cm"
Fake Sansevieria Plant,"Fycooler Artificial Plants Sansevieria,40cm Faux Snakeplant Sansevieria Laurentii Plant, Mother in Laws Tongue Plant Fake Agave Snake Plant Indoor Greenery Home Office Décor Potted Sansevieria Plant"
Fake Tongue Plant,"Geko Artificial Mother in Law’s Tongue Plant 68cm, Green, Large, One Size"
Fake Tongue Plant,"Geko Artificial Mother in Law’s Tongue Plant 90cm, Green, Extra Large, One Size"
Fake Tongue Plant,Indoor Plant -House or Office Plant -Sansevaria – Mother in Laws Tongue Variegated- Approx 30cm Tall
Fake Tongue Plant,"JustArtificial Artificial Sanserveria, Mother In Law’s Tongue Plant – 62cm, Variegated"
Fake Tongue Plant,"Royal Imports Artificial Sansevieria Leaf Plant, Life-Like Snake Plant Faux Mother-in-Law Tongue Tree, Dark Green in Decorative Planter – 19″ Tall"
Fake Sansevieria Plant,"Royal Imports Artificial Sansevieria Leaf Plant, Life-Like Snake Plant Faux Mother-in-Law Tongue Tree, Dark Green in Decorative Planter – 36″ Tall"
Fake Sansevieria Plant,"Sansevieria Plants 26″ Artificial Snake Plants Faux Green Plants Fake Indoor Floor Plants,Mother-in-law’s Tongue in Unbreakable Pot for Home Office 1 Pack"
Fake Tongue Plant,Snake Plant Indoor | Mother in Laws Tongue Plant | Sansevieria Plant | Indoor Plant | Height 50 cm | Pot 14 cm | air Purifying Plants
Artificial Cedar Trees,"artplants.de Artificial Cedar LEONARDO, green, 6ft/180cm – Artificial cypress tree/Fake tree"
Artificial Cedar Trees,Best Artificial 120cm 4ft Cedar Conifer Spiral Topiary Tree **UV Fade Protected**
Artificial Cedar Trees,Best Artificial 5ft 150cm Cedar Double Twist Spiral Topiary Tree **UV Fade Protected**
Artificial Cedar Trees,Best Artificial 90cm 3ft Cedar Conifer Spiral Topiary Tree alt Boxwood Buxus **UV Fade Protected**
Artificial Cedar Trees,Best Artificial Pair of 120cm 4ft Cedar Conifer Spiral Topiary Trees **UV Fade Protected**
Artificial Cedar Trees,Best Artificial Pair of 3ft 90cm Conifer Pine Cypress Cedar Trees
Artificial Cedar Trees,Best Artificial Potted Cedar Pine Cypress Conifer Tree (2ft)
Artificial Cedar Trees,"GreenBrokers Artificial Spiral Cedar Conifer Trees 4ft/120cm-Best Quality (Set of 2), Green, 30x30x120 cm"
Artificial Cedar Trees,momoplant 18 inch Artificial boxwood topiary tree Artificial Cedar Cypress tree Artificial cypress spiral topiary trees Artificial Tree，topiary trees artificial outdoor Cypress ball
Artificial Cedar Trees,momoplant 3ft Artificial Topiary Cedar Trees For Outdoors Artificial Cypress Spiral Trees Faux Cypress Spiral Silk Trees Boxwood Topiary Plants Indoor Outdoor Decor（35inch） 2PACK
Artificial Cedar Trees,"momoplant Artificial Cedar Pine Cypress Conifer Tree, 120cm/4ft Potted Topiary Plant for Indoor Outdoor Decor"
Artificial Cedar Trees,Warmiehomy Pair of Artificial Plants Cedar Spiral Topiary Tree Artificial Tree 90cm Artificial Plant for Ourdoor Indoor Conservatory Decoration
Artificial Grass,2m x 1.5m Berlin 26mm Pile Height Artificial Grass | Natural & Realistic Looking Astro Garden Lawn | 4 ft 11 Inch x 6 ft 5 Inch | 150cm x 200cm | 59 x 79 Inches | High Density Fake Turf
Artificial Grass,4m x 2.5m Berlin 26mm Pile Height Artificial Grass | Natural & Realistic Looking Astro Garden Lawn | 8 ft 2 Inch x 12 ft 10 Inch | 250cm x 400cm | 98 x 157 Inches | High Density Fake Turf
Artificial Grass,4m x 3m ARKMat Ascot 40mm Pile Height Artificial Grass
Artificial Grass,4m x 3m Berlin 26mm Pile Height Artificial Grass | Natural & Realistic Looking Astro Garden Lawn | 9 ft 10 Inch x 12 ft 10 Inch | 300cm x 400cm | 118 x 157 Inches | High Density Fake Turf
Artificial Grass,4m x 3m | 20mm Pile Height Loco Artificial Grass | Cheap Natural & Realistic Looking Astro Garden Lawn | High Density Fake Turf | 13ft 1in x 9ft 10in
Artificial Grass,4m x 3m | Grand 30mm Pile Height Artificial Grass
Artificial Grass,4m x 4m Berlin 26mm Pile Height Artificial Grass | Natural & Realistic Looking Astro Garden Lawn | 13 ft 1 Inch x 12 ft 10 Inch | 400cm x 400cm | 157 x 157 Inches | High Density Fake Turf
Artificial Grass,4m x 5m Berlin 26mm Pile Height Artificial Grass | Natural & Realistic Looking Astro Garden Lawn | 16 ft 5 Inch x 12 ft 10 Inch | 500cm x 400cm | 197 x 157 Inches | High Density Fake Turf
Artificial Grass,"ARKMat G6-2-3M St Andrews Artificial Gras, 2 x 3 m"
Artificial Grass,Berlin 26mm Pile Height Artificial Grass | Choose from 47 Sizes on this Listing | Cheap Natural & Realistic Looking Astro Garden Lawn | 2 x 3m of Cheap High Density Fake Turf
Artificial Grass,Berlin 26mm Pile Height Artificial Grass | Choose from 47 Sizes on this Listing | Cheap Natural & Realistic Looking Astro Garden Lawn | 4 x 1m of Cheap High Density Fake Turf
Artificial Grass,Grandismo® Artificial Grass Underlay – Impact Shockpad – Underlayment – 1.2m x 12m Roll
Artificial Grass,jxgzyy Artificial Grass Turf Artificial Synthetic Grass Turf Lawn 1*10M Synthetic Fake Grass Lawn Turf Carpet Turf Grass Rug Mat Garden Indoor Outdoor
Artificial Grass,Luxury 30mm Pile Height Artificial Grass | Choose from 47 Sizes on this Listing Natural & Realistic Looking Astro Garden Lawn | 4 x 1m High Density Fake Turf
Artificial Grass,Mulberry 25mm Pile Height Realistic Artificial Grass (2m x 3.5m)
Artificial Grass,Oypla 17mm Artificial Grass Mat 4m x 1m Greengrocers Fake Turf Lawn
Artificial Grass,"Petgrow Artificial Faux Grass Synthetic Lawn, High Density Fake Grass Turf for Dogs Pets, Indoor Outdoor Landscape (20mm Grass height-1mx4m)"
Artificial Grass,Premier 40mm Pile Height Artificial Grass | Choose from 47 Sizes on this Listing Natural & Realistic Looking Astro Garden Lawn | 2 x 1m High Density Fake Turf
Artificial Grass,"Quickgrass Harvington Luxury Artificial Grass, Green, 2 m x 2 m"
Artificial Grass,Seville 15mm Pile Height Artificial Grass (4m x 2.5m)
Artificial Grass,Tuda Grass Direct Lisbon 26mm Pile Height Artificial Grass | Choose from 47 Sizes on this Listing | Cheap Natural & Realistic Looking Astro Garden Lawn | 2 x 1m of Cheap High Density Fake Turf
Artificial Grass,Windsor 25mm Artificial Grass Quality EU Manufactured 2m & 4m Widths Choose Length (2m x 3m)
Artificial Grass,YöL Artificial grass 1x3m garden outdoor green fake lawn astro turf 20mm pile thick
Artificial Grass,Zaragoza 30mm Pile Height Artificial Grass | Choose from 47 Sizes on this Listing | Cheap Natural & Realistic Looking Astro Garden Lawn | 4 x 2m of Cheap High Density Fake Turf
Artificial Maple Tree,Closer to Nature Artificial 1ft 10″ Variegated Red Japanese Maple Tree – Artificial Silk Plant and Tree Range
Artificial Maple Tree,Closer to Nature Artificial 5ft Burnt Orange Japanese Maple Tree – Artificial Silk Plant and Tree Range
Artificial Maple Tree,"Closer2Nature Artificial 3ft Red Japanese Maple Tree, P109W"
Artificial Maple Tree,Leaf LEAF-7509 60cm Artificial Maple Bonsai Tree
Artificial Maple Tree,Tradala 3’11″ Lush Artificial Tree Large Green Maple 120cm / 3ft 11″ Tall with Real Wood Trunk – For Home Living Room Indoors
Fake Banyan Trees,Artificial Indoor Outdoor Banyan Tree | Fake Plants
Fake Banyan Trees,Artificial plants Artificial Banyan Tree With Base Decorations Artificial Silk Tree Fake Large Green Tree for Outdoor Indoor Home Office (Color : Round 100 * 50cm 39 * 19”)
Fake Banyan Trees,Bureze 12pcs PP lamination Artificial Banyan Tree Branches Leaves Simulation Green Plant Flowers Home Shopping Mall Decorative Flower
Fake Banyan Trees,Handmade Artificial Banyan Tree
Fake Banyan Trees,"JSBVM Large Artificial Tree, Large Banyan Tree Large Plant Simulation Banyan To Hang on Leaf Design Plant Height Leaves Tree Color Plants Ivy, 1.5M,B,1.5x1m"
Fake Banyan Trees,Large Artificial Banyan Tree
Fake Banyan Trees,Marko Gardening 120cm Artificial Tree Realistic Potted Indoor Outdoor Home Bamboo Olive Banyan (Pair of Trees – Artificial Banyan Tree)
Fake Banyan Trees,Nostalgie Artificial Banyan White Banyan Tree False Banyan for Indoor Outdoor House Office Garden Modern Decoration Housewarming Gift (Size : Extended 150X100cm)
Fake Banyan Trees,WYHM Artificial plants Artificial Tree Banyan Large Artificial with Metal BasePlant Fake Banyan Plant for Indoor Outdoor House Home Office Easy to Install (Color : Round 150 * 80cm)
Fake Banyan Trees,ZXC Home Artificial Plants Greenery 160cm Banyan Tree Potted Plants Bonsai Indoor Decoration Fake Plants Artificial Tree Fake Tree
Fake Bamboo Trees,Artificial 5ft Golden Bamboo Tree
Fake Bamboo Trees,Artificial Bamboo Plant with Pot 120cm
Fake Bamboo Trees,Artificial Bamboo Tree XL 4ft
Fake Bamboo Trees,Fake Bamboo with Natural Canes
Fake Bamboo Trees,INMOZATA Artificial Bamboo Tree Artificial Tree Fake Decorative Plants 6ft/180cm High in Pot for Indoor Outdoor Garden
Fake Bamboo Trees,INMOZATA Artificial Tree Artificial Bamboo Tree Fake Decorative Plants 5ft/150cm High in Pot for Indoor Outdoor Garden
Fake Bamboo Trees,"Leaf Artificial Bamboo Plants Trees-XL Realistic-120cm, Natural Brown, 120cm"
Fake Bamboo Trees,Leaf Design UK Artificial Bamboo Tree
Fake Bamboo Trees,Tradala Lush Artificial Tree
Fake Bamboo Trees,vidaXL Artificial Bamboo Tree with Pot 80 cm Fake Plant Arrangement Home Decor
Artificial Topiary Trees,2 x Artificial Topiary Boxwood Spiral Trees (5ft/150cm)
Artificial Topiary Trees,2 x Artificial Trees 3ft Pyramid Cones – Indoor artificial trees – Topiary trees
Artificial Cypress Tree,"35 Inch/2.95ft Artificial Topiary Spiral Cypress Trees Ceder Trees Boxwood Topiary Artificial outdoor Faux Topiary Spiral Cypress Trees Artificial Topiary Trees,Faux topiary Boxwood trees,Set of 2"
Artificial Topiary Trees,60cm Artificial Topiary Boxwood Obelisks (Pair)
Artificial Topiary Trees,Best Artificial 120cm 4ft Boxwood Double Twist Spiral Topiary Tree **UV Fade Protected**
Artificial Topiary Trees,Best Artificial 2ft 60cm Lavender Flower Ball Topiary Tree Plant Garden Conservatory Indoor Outdoor (Purple)
Artificial Topiary Trees,Best Artificial 75cm Topiary Cone Boxwood Buxus Tree
Artificial Topiary Trees,Best Artificial Natural Look 3ft 90cm Boxwood Topiary Spiral Tree UV Fade Protected
Artificial Topiary Trees,Geko 1-Piece Large 90 cm Single Artificial UV Boxwood Topiary Tree
Artificial Cedar Trees,momoplant 18 inch Artificial boxwood topiary tree Artificial Cedar Cypress tree Artificial cypress spiral topiary trees Artificial Tree，topiary trees artificial outdoor Cypress ball
Artificial Topiary Trees,"MyGift Artificial Boxwood Topiary Tree in Modern Gray Pulp Planter, Set of 2"
Artificial Topiary Trees,Outsunny Set of 2 Artificial Boxwood Ball Topiary Trees Potted Decorative Plant Outdoor and Indoor Décor (67cm)
Artificial Topiary Trees,Oypla Set of 2 Artificial Topiary Boxwood Spiral Trees 80cm Indoor Outdoor Decoration
Artificial Topiary Trees,Triple Ball Artificial Boxwood Topiary Trees 4ft/120cm – Best Quality (Pack of 2)
Artificial Laurel Tree,4ft Artificial Laurel Bay Plant Indoor Topiary Trees in pot Fake Plant 120cm Artificial Bay Laurel Topiary Garden Decor Green
Fake Bay Tree,"CHRISTOW Artificial Bay Tree In Pot, Large 3ft 4ft Tall Indoor Outdoor Garden Topiary Ball, Twisted Wooden Trunk, Realistic Lush Green Leaves, Home Office Restaurant, (4ft, 1 pack)"
Fake Bay Tree,E-Greetshopping Artificial Bay Tree Plant with Pot 125 cm Green
Fake Bay Tree,FabFinds Artificial Topiary Tree Pyramid Bay Potted Tree Plant for Garden Patio Outdoor and Indoors – 70cm Tall
Fake Bay Tree,FloralStem 4 ft Artificial Topiary Bay Tree Potted for Outdoor and Indoor Use
Artificial Laurel Tree,"Leaf LEAF-7089 Artificial Stem Topiary Bay Tree Laurel Ball Style in Black Plastic Pot, Green Twist, 120cm (4ft)"
Fake Bay Tree,mewmewcat Artificial Bay Tree with Pot for Entryway Living Room or Office Decor Realistic Look 120 cm
Fake Bay Tree,Olive Grove Set of 2-1.6M Tall Artificial Bay Trees With Pots
Artificial Laurel Tree,Outsunny Set Of 2 90cm/3FT Artificial Bay Laurel Topiary Trees w/Pot Fake Indoor Outdoor Greenery Plant Home Office Garden Decor Green
Artificial Laurel Tree,Red Hot Plants PAIR of Artificial Bay Laurel Trees – 1.2m high tree with real wood trunk and natural leaf.
Fake Bay Tree,"Woodside Artificial Topiary Bay Leaf Tree’s, 4ft/125cm Indoor/Outdoor Replica Potted Plant Decoration (pack of 2)"
Artificial Laurel Tree,"Zebery Artificial Bay Tree, 4ft Laurel Tree Solid Wood Fabric Silk Flower Green Indoor and Outdoor General Simulation Tree"
Artificial Fiddle Fig Leaf Tree,12 inch Real Touch Artificial Fiddle Leaf Fig Tree Potted Plants Indoor Office Desk Faux Potted Green Leaf Plant Realistic Small Farmhouse Plants for Home Kitchen Bathroom Bedroom Decor
Artificial Fiddle Fig Leaf Tree,36″ Fiddle Leaf Fig Tree Artificial Plants， Faux Ficus Lyrata Fake Trees Greenery for Indoor Home Decor
Artificial Fiddle Fig Leaf Tree,Artificial Tree Mini Fiddle Leaf Fig Tree 25 Inch Fake Ficus Lyrata Plant Faux Plants for Indoor House Home Office Decoration
Artificial Fiddle Fig Leaf Tree,"BEGONDIS 1.5M/5-Feet Artificial Fiddle Leaf Fig Tree, Green Fake Plants for Home and Office Decor"
Artificial Fiddle Fig Leaf Tree,BESAMENATURE 30″ Little Artificial Fiddle Leaf Fig Tree/Faux Ficus Lyrata for Home Office Decoration
Artificial Fiddle Fig Leaf Tree,BESAMENATURE 4-feet Artificial Fiddle Leaf Fig Tree/Faux Ficus Lyrata for Home Office Decoration
Artificial Fiddle Fig Leaf Tree,"BESAMENATURE 4-feet Artificial Fiddle Leaf Fig Tree/Faux Ficus Lyrata for Home Office Decoration, with Cotton Rope Basket"
Artificial Fiddle Fig Leaf Tree,CROSOFMI Artificial Mini Fiddle Leaf Fig Tree 22 Inch Fake Ficus Lyrata Plant with 15 Leaves Faux Plants in Pot for Indoor House Home Office Modern Decoration Perfect Housewarming Gift
Artificial Fiddle Fig Leaf Tree,EliteKoopers 150cm Plastic Artificial Fiddle Leaf Fig Tree Fake Plants with Pot for Home Office Shop Decoration
Artificial Fiddle Fig Leaf Tree,Geko Artificial Fiddle Leaf Fig Tree 130cm
Artificial Fiddle Fig Leaf Tree,INMOZATA Artificial Ficus Tree Fiddle Fig Plant Decorative Plants in Pot for Indoor Outdoor Garden 120CM
Artificial Fiddle Fig Leaf Tree,"Leaf Design UK Artificial Fiddle Fig Tree Plant Black Plastic Pot, Green, 120cm"
Artificial Fiddle Fig Leaf Tree,"Leaf Design UK Artificial Fiddle Fig Tree Plant Black Plastic Pot, Green, 90cm"
Artificial Fiddle Fig Leaf Tree,Leaf Design UK Artificial Realistic Plant Fiddle Fig Tree
Artificial Fiddle Fig Leaf Tree,NICENATURE 28″ Artificial Fiddle Leaf Fig Tree / Fake Ficus Lyrata Faux Plant in Pot for Office Decoration Home Décor
Artificial Fiddle Fig Leaf Tree,Ollain Artificial Fiddle Leaf Fig Plant with Potted 20″ Tall Fake Plastic Faux Ficus Tree Floor Plant in Pot for Outdoor Window Box Planter Indoor Outside Home Garde Office Room Gardening Decoration
Artificial Fiddle Fig Leaf Tree,PLANTAE Artificial Fiddle Leaf Fig Tree Faux Realistic 22″ Inch Tall 18 Leaves for Home and Office Indoor Decor with Handmade Natural Seagrass Woven Black Basket
Artificial Laurel Tree,2PCS Artificial Trees 4ft Artificial Laurel Plant Fake Plants in Pot for Home Office Indoor Outdoor
Artificial Laurel Tree,4ft Artificial Laurel Bay Plant Indoor Topiary Trees in pot Fake Plant 120cm Artificial Bay Laurel Topiary Garden Decor Green
Artificial Laurel Tree,"Artificial Laurel Plant Trees In Pot, Large 4Ft Tall Indoor Decoration, Realistic Lush Green Leaves, for Indoor Outdoor Garden Home Office Restaurant (2 Pack)"
Artificial Laurel Tree,Best Artificial 4ft 120cm Bay Laurel Tree garden conservatory office plant (1)
Artificial Laurel Tree,"BISEN 1 X Artificial Faux Bay Laurel Tree (120c, 4ft) One Tree with Pots Natural Real Wood Trunk and Leaves Garden Indoor Outdoor Plants Ornaments Premium Quality Appearance"
Artificial Laurel Tree,"Leaf LEAF-7089 Artificial Stem Topiary Bay Tree Laurel Ball Style in Black Plastic Pot, Green Twist, 120cm (4ft)"
Artificial Laurel Tree,"Leaf LEAF-7207 Artificial Stem Topiary Bay Tree Laurel Ball Style in Black Plastic Pot, Green Twist, 90cm (3ft)"
Artificial Laurel Tree,"Leaf LEAF-7207-PAIR Pair Stem Artificial Topiary Bay Laurel Ball Trees, Green Twist, 90cm (3ft)"
Artificial Laurel Tree,"Leaf Luxury Artificial Bay Laurel Tree Topiary Ball-120cm (4ft) Tall, Green Deluxe, 120cm"
Artificial Laurel Tree,Outsunny Set Of 2 90cm/3FT Artificial Bay Laurel Topiary Trees w/Pot Fake Indoor Outdoor Greenery Plant Home Office Garden Decor Green
Artificial Laurel Tree,"Pair Of Artificial Bay Laurel Trees – 4Ft High Tree With Real Wood Trunk And Natural Leaf Indoor Or Outdoor Decorative Replica Plant 120Cm（Green,2）"
Artificial Laurel Tree,Red Hot Plants PAIR of Artificial Bay Laurel Trees – 1.2m high tree with real wood trunk and natural leaf.
Artificial Laurel Tree,vidaXL Artificial Plant Laurel Tree with Pot Home Office Indoor Outdoor Authentic Realistic Faux Fake Flower Greenery Decoration Green 90cm
Artificial Laurel Tree,"Zebery Artificial Bay Tree, 4ft Laurel Tree Solid Wood Fabric Silk Flower Green Indoor and Outdoor General Simulation Tree"
Fake Banana Trees,"Artificial Banana Tree Leaves Tropical Plant Faux Leaf Fake Palm Frond Plants Greenery Flowers Silk Bird of Paradise Palm Plant for Indoor Outdoor House Office Modern Decoration (Banana leaf, 1 Pack)"
Fake Banana Trees,"artplants.de Artificial Banana tree AMARU, 6ft/180cm – Fake tree"
Fake Banana Trees,"artplants.de Faux Banana plant BAGHEERA, 6ft/180cm – Silk banana tree/Artificial banana plant"
Fake Banana Trees,DHTOMC Artificial Plants Artificial Banana Tree Plant With Pot 150 Cm Green For House Office Bathroom
Fake Banana Trees,"Geko Artificial Banana Tree 140cm Plant – Detailed Fake Plant, Plastic Plant, Rubber Plant, Fake Tree, Artificial Tree"
Fake Banana Trees,INMOZATA Artificial Banana Tree Tropical Plant Decorative Plants in Pot for Indoor Outdoor Garden 180cm
Fake Banana Trees,LAMF Artificial Plants Tropical Leaves Faux Banana Tree Fake Tropical Large Palm Tree Leaves Imitation Leaf for Home Kitchen Wedding Party Flowers Arrangement
Fake Banana Trees,"Leaf 80cm Stunning Artificial Plants/Trees, Light Banana"
Fake Banana Trees,vidaXL Artificial Banana Tree Plant with Pot 150cm Green Fake Lifelike Indoor
Fake Banana Trees,"xutu Plant 3.9Ft Fake Banana Tree, Artificial Bird of Paradise Plant 120cm for Indoor Outdoor, Large Potted Greenery Plants for Home, Office, Lobby Decor"
Fake Lemon Tree,AOIWE Simulation Potted Plant Artificial Lemon Tree In Ceramic Flower Pot Lemon Tree Artificial Plant Artificial Potted Plants Artificial Plant Decoration
Fake Lemon Tree,"Artificial Tree Simulation Lemon With Realistic Fruit With Woven Flower Basket Large Living Room Green Plant Potted Plant Bonsai Interior Decoration,150Cm"
Fake Lemon Tree,Artificial Zen Bonsai Tree Artificial Fruits Lemon Tree Simulated Lemon Bonsai Home Decoration Potted Plant Living Room Ornament Fake Pomegranate Tree Artificial Bonsai Tree ( Color : Small Yellow )
Fake Lemon Tree,Closer to Nature Artificial 3ft 3″ Lemon Tree – Artificial Silk Plant and Tree Range
Fake Dracaena Plant,"Dracaena Lemon Lime | houseplant | Height 70 cm | Pot 17 cm | Easy Maintenance (1, Without Pot Cover)"
Fake Lemon Tree,jinyi2016SHOP Artificial Potted Plants Artificial Lemon Tree Plant Artificial Plant Lemon Tree in Weave Pot Potted Fake Plants Flower Home Party Garden Decoration Faux Plants Decor
Fake Lemon Tree,LAMF Artificial Lemon Tree Plant Decor Fake Green Pot Plants Flowers Ornaments for Indoor & Outdoor Display Mini Potted Fake Plants Flower for Home Party Garden Decoration
Fake Lemon Tree,Lemon Tree (Four Seasons)
Fake Lemon Tree,Lemon Tree Indoor Plant | houseplant | Height 60cm | Pot 22cm | Living Room Ready Potted Citrus Lemon Plant
Fake Lemon Tree,Lemon Tree Indoor Plant | houseplant | Height 80cm | Pot 22cm | Living Room Ready Potted Citrus Lemon Plant
Fake Lemon Tree,Lemon tree Standard – 1 tree
Fake Lemon Tree,Simulation Potted Plant Artificial Fruits Lemon Tree Simulated Lemon Bonsai Home Decoration Potted Plant Living Room Ornament Fake Pomegranate Tree Artificial Plant Decoration ( Color : Lager Yellow )
Fake Lemon Tree,"xutu Plant 3.6ft Artificial Lemon Tree 43” Imitation Lemon Tree Fake Yellow Lemons Fruits Artificial Plant, for Home, Living Room, Decoration Indoor Outdoor (Size : 74cm)"
Fake Lemon Tree,ZPEE Simulation grass Artificial Lemon Tree Plant Artificial Plant Lemon Tree in Weave Pot Potted Fake Plants Flower Home Party Garden Decoration Artificial plant
Artificial Topiary Trees,2 x Artificial Topiary Boxwood Spiral Trees (5ft/150cm)
Artificial Cypress Tree,"35 Inch/2.95ft Artificial Topiary Spiral Cypress Trees Ceder Trees Boxwood Topiary Artificial outdoor Faux Topiary Spiral Cypress Trees Artificial Topiary Trees,Faux topiary Boxwood trees,Set of 2"
Fake Boxwood Trees,Auihiay 10 Bundles Artificial Boxwood Shrubs
Artificial Topiary Trees,Best Artificial 120cm 4ft Boxwood Double Twist Spiral Topiary Tree **UV Fade Protected**
Artificial Topiary Trees,Best Artificial 75cm Topiary Cone Boxwood Buxus Tree
Artificial Topiary Trees,Best Artificial Natural Look 3ft 90cm Boxwood Topiary Spiral Tree UV Fade Protected
Artificial Topiary Trees,Geko 1-Piece Large 90 cm Single Artificial UV Boxwood Topiary Tree
Fake Boxwood Trees,"GreenBrokers 2 x Premium Quality Artificial Boxwood Pyramid Trees in Square Planter (3ft/90cm), Black, 90cm"
Artificial Cedar Trees,momoplant 18 inch Artificial boxwood topiary tree Artificial Cedar Cypress tree Artificial cypress spiral topiary trees Artificial Tree，topiary trees artificial outdoor Cypress ball
Artificial Topiary Trees,"MyGift Artificial Boxwood Topiary Tree in Modern Gray Pulp Planter, Set of 2"
Artificial Topiary Trees,Outsunny Set of 2 Artificial Boxwood Ball Topiary Trees Potted Decorative Plant Outdoor and Indoor Décor (67cm)
Artificial Topiary Trees,Oypla Set of 2 Artificial Topiary Boxwood Spiral Trees 80cm Indoor Outdoor Decoration
Artificial Topiary Trees,Triple Ball Artificial Boxwood Topiary Trees 4ft/120cm – Best Quality (Pack of 2)
Fake Cherry Blossom Tree,"BCXGS Artificial Cherry Blossom Flowers for Home Wedding Party Garden Office Decoration Silk Plants, Big Tree Fake Vines Flowers"
Fake Cherry Blossom Tree,BCXGS Artificial Cherry Blossom Flowers Simulated Artificial Cherry Blossom Tree – for Indoor/Outdoor/Party/Restaurant/Mall Artificial Plant 1.5 m
Fake Cherry Blossom Tree,BCXGS Artificial Peach Blossom Trees Artificial Cherry Blossom Tree Silk Flower 5 Feet Tall 1.5M Artificial Cherry Blossom Trees Light Pink Indoor Outdoor Wedding Fake Vines Flowers (Size : 150cm)
Fake Cherry Blossom Tree,BCXGS Handmade Gorgeous Artificial Flower Pink Cherry Blossom Tree Fake Vines Flowers for Home Wedding Party Garden Office Christmas decoration
Fake Cherry Blossom Tree,"BCXGS Home Decor Artificial Flower Cherry Blossom, Big Tree Fake Vines Flowers Indoor Outdoor Wedding Silk Sakura"
Fake Cherry Blossom Tree,XHN Beautiful Artificial Flower Pink Large Simulation Cherry Blossom Tree for Wedding Party Indoor and Outdoor Home Decoration(3m)
Fake Cherry Blossom Tree,XMQW Handmade Gorgeous Artificial Flower White Cherry Blossom Tree Fake Vines Flowers Indoor Outdoor Home Party Wedding Home Decor
Fake Cherry Blossom Tree,YLLSQ Artificial Cherry Blossom Trees Pure White Cherry Blossom Tree Arch Pink Fake Sakura Flowers Indoor Outdoor Home (10FT/3m)
Fake Evergreen Trees,"Leaf 100cm Large Fox’s Aglaonema (Spotted Evergreen) Tree Artificial Plant, Green & Silver"
Fake Evergreen Trees,"Leaf Artificial Tree, Evergreen Ficus, 110cm"
Fake Evergreen Trees,Leaf Design UK 95cm Umbrella Tree Dark Green-Extra Large Artificial Evergreen Ficus Plant Black Plastic Pot
Fake Evergreen Trees,"momoplant Artificial Evergreen Indoor Plant, 110cm Realistically Shaped Leaves Houseplant with Black Pot for Home Office Decor"
Fake Evergreen Trees,"momoplant Artificial Evergreen Plant, 43inch/110cm Fake Indoor Tree for Home Office Decor with Pot"
Fake Evergreen Trees,"momoplant Artificial Indoor Plant Decor, 47inch/120cm Evergreen Taro Palm Tree for Home Office"
Fake Ficus Trees,"GreenBrokers Artificial Variegated Ficus Tree 4ft, Potted Plant"
Fake Ficus Trees,Homescapes 4 Feet Green Ficus Tree With Real Wood Stems and Lifelike Leaves Replica Artificial Plant
Artificial Fiddle Fig Leaf Tree,INMOZATA Artificial Ficus Tree Fiddle Fig Plant Decorative Plants in Pot for Indoor Outdoor Garden 120CM
Fake Ficus Trees,"Leaf 120cm Premium Artificial Twist Tree, Dark Bushy Ficus"
Fake Ficus Trees,"Leaf 140cm Realistic Artificial Japanese Fruticosa Ficus Tree, Green &amp Black"
Fake Ficus Trees,"Leaf Artificial Ficus Tree, White Edge Twist, 130cm"
Fake Evergreen Trees,"Leaf Artificial Tree, Evergreen Ficus, 110cm"
Fake Ficus Trees,"Leaf Design UK 90cm Artificial Ficus Tree/Plant-Large Bushy Shape Black Plastic Pot, Green Bushy Ficus"
Fake Evergreen Trees,Leaf Design UK 95cm Umbrella Tree Dark Green-Extra Large Artificial Evergreen Ficus Plant Black Plastic Pot
Fake Ficus Trees,OloreHome Artificial Ficus Tree Variegated 7ft / 210cm
Fake Ficus Trees,Oypla Artificial Ficus Tree Plant 120cm Indoor Outdoor Garden Decoration
Fake Bonsai Trees,14.1″ Artificial Bonsai Tree Fake Plant Japanese Bonsai Decoration Potted Faux Pine Plants Bonsai Tree for Indoor/Outdoor Home Office Hotel Décor
Fake Bonsai Trees,"Artificial Bonsai Tree Artificial Bonsai Welcoming Pine Tree Simulation Potted Plant Decorative Bonsai, Desk Display Fake Tree in Ceramic Pot for Home, Office, Shop Decorative Gifts Simulation Tree"
Fake Bonsai Trees,"Artificial Bonsai Tree, 50cm"
Fake Bonsai Trees,Artificial Bonsai Tree/Welcome Bonsai Simulation Welcoming Pine Artificial Tree Artificial Bonsai Green Plant Potted Plant Indoor New Chinese Style Living Room Coffee Table Decoration Ornaments Faux P
Fake Bonsai Trees,"Artificial Potted Plants Artificial Bonsai Pine Tree Fake Plants Room Decor for Bedroom Aesthetic and Home Farmhouse Bathroom Decor, Height 11 Inch（with Cleaning Brush） Artificial Tree"
Fake Bonsai Trees,"Artificial Potted Plants Artificial Bonsai Welcoming Pine Tree,15 Inches Simulation Potted Plant Decorative Bonsai, Office, Shop Decorative Gifts（with Cleaning Brush） Artificial Tree (Color : A)"
Fake Bonsai Trees,"artplants.de Artificial Bonsai pine SELENA in a planter, 19″/48cm – Plastic pine bonsai tree"
Fake Bonsai Trees,"artplants.de Artificial Bonsai Tree Pine in planter, 210 needles, 20″/50cm, outdoor – Silk Bonsai/Bonsai Replica"
Fake Bonsai Trees,Boxwood Bonsai in Pot Emulate Simulation Decorative Artificial Tree Fake Plants Ornaments Home Decor H 33cm
Fake Bonsai Trees,Carmona microphylla S-Shape | Bonsai incl. Decorative Pot | Little Bonsai Tree | Evergreen Carmona | Height 20-25cm | Pot Ø 15 x 8 cm
Fake Bonsai Trees,"Decoration Desktop,sculpture Artificial Bonsai Tree/Welcome Bonsai Light Artist Home Decoration Zen Decoration Artificial Welcome Pine Iron Bonsai Living Room Porch Club Artificial Plantation Fake"
Fake Bonsai Trees,Homescapes Oriental Bonsai Tree Artificial Plant in Decorative Black Ceramic Glossy Pot 70 cm Faux Chinese Tree for Indoor Decoration
Fake Bonsai Trees,JTSYUXN Bonsai Pine Tree Fake Potted Artificial Plant Decoration DIY Decorative Bonsai Not Faded No Watering for Office Restaurant Table Centerpieces Windowsill Decor (Color : Blue)
Fake Bonsai Trees,"KDMB Artificial Bonsai Pine Tree,11Inch Faux Potted Plant Desk Display Fake Tree Pot Ornaments, Japanese Cedar Bonsai Plant for Home, Office Decoration"
Fake Bonsai Trees,"KOET Artificial Bonsai Pine Tree,11Inch Faux Potted Plant Desk Display Fake Tree Pot Ornaments, Japanese Cedar Bonsai Plant for Home, Office Decoration"
Fake Bonsai Trees,"Leaf 45cm Artificial Bonsai Tree, Twisted Ficus Bosai"
Fake Bonsai Trees,Leaf LEAF-7518 50cm Artificial Pine Bonsai Tree
Fake Bonsai Trees,"liangzishop Artificial Potted Plants 10 Inches Artificial Bonsai Tree,Plastic Faux Plant Decoration, Potted Fake House Plants, for Zen Garden Décor Artificial Tree"
Fake Bonsai Trees,"liangzishop Artificial Potted Plants 11 Inches Artificial Bonsai Pine Tree，Realistic Fake Plant Decoration, Potted Artificial House Plants, for Desktop Display， Zen Garden Décor Artificial Tree"
Fake Bonsai Trees,liangzishop Artificial Potted Plants 13 Inches Artificial Bonsai Tree Potted Plant，Simulation Bonsai Pine Green Plant，Fake Plants for Desk Home Office Display Artificial Tree
Fake Bonsai Trees,liangzishop Artificial Potted Plants 15 Inches Artificial Bonsai Pine Tree， Faux Potted Plants House Plants，fake Tree for Office Living Room Entrance Decoration Bonsai Crafts Gift Artificial Tree
Fake Bonsai Trees,"liangzishop Artificial Potted Plants 18 Inches Artificial Bonsai Tree,Plastic Artificial Plant Decoration, Potted Artificial House Plants, for Home Office, Zen Garden Décor Artificial Tree"
Fake Bonsai Trees,"liangzishop Artificial Potted Plants 19 Inch Fake Plant Bonsai Tree, Artificial Plants Ceramic Potted Tree， Faux Bonsai Tree Decoration for Bathroom Farmhouse Indoor/Outdoor Artificial Tree"
Fake Bonsai Trees,"liangzishop Artificial Potted Plants 19 Inches Artificial Plants Bonsai Pine Tree,Silicone Simulation Green Plant Bonsai, Used in Corridors Front Desk Etc Artificial Tree"
Fake Bonsai Trees,liangzishop Artificial Potted Plants Artificial Tree Simulation Welcome Pine Bonsai，8 Inch Fake Green Plant Bonsai for Living Room Hotel Entrance Home Decoration Artificial Tree
Fake Bonsai Trees,Ligne Déco | Artificial Bonsai Tree in Oval Ceramic Pot Blue 249 Leaves | 41 cm | Artificial Green Plant | Japanese Zen Bonsai | Home Office Decoration
Fake Bonsai Trees,LOFAMI Artificial Plants Bonsai Tree Fake Bonsai Artificial Bonsai Tree Welcoming Pine Bonsai Decoration Stone Model House Porch Micro Landscape Green Plant Ceramic Pot Decoration Artificial Bonsai
Fake Bonsai Trees,"Nearly Natural 4966 Cedar Bonsai Artificial Tree, 15-Inch, Green"
Fake Bonsai Trees,"QTQZ 2018 Mini Artificial Bonsai Tree Plant Pine Trees Flower Potted Vase Wedding Not Faded No Watering Artificial Plant Home Decoration, 13.39″/34 cm, 30"
Fake Bonsai Trees,"QTQZ Artificial Bonsai Tree Plant for Office Home Decoration, 40cm Deco Living Room Green,Black"
Fake Bonsai Trees,"QTQZ flower Mini Artificial Bonsai Tree Indoor, Mini Bonsai Tree Kit Will Not Faded Doesn’t Need Watering Potted Perfect for Office, Home Or Shelf Decoration (Plastic Resin)-Green"
Fake Bonsai Trees,"QTQZ Mini Artificial Trees with Pot Guest-Greeting Pine Artificial Plants Simulation Potted Flowers Faux Green Grass Turf Bonsai Home Decoration Ornaments for Office Desk Table Decor, 13.39″/34 cm, 7"
Fake Bonsai Trees,"xilinshop Faux Plants Artificial Bonsai Welcoming Pine Tree Simulation Potted Plant Decorative Bonsai, Desk Display Fake Tree in Ceramic Pot for Home, Office, Shop Decorative Gifts Artificial Plants"
Fake Bonsai Trees,"xinxinchaoshi Artificial Plants Artificial Rhododendron Tree Faux Bonsai Tree Faux Potted Houseplant Pebbles, Green, Home Decoration Gifts Indoor House Plant (Color : B)"
Fake Bonsai Trees,"Yyqx Artificial Plants Artificial Bonsai Pine Tree Desk Display Fake Tree and Lucky Elephant Decorative Sculpture Realistic Faux Potted Plant for Home, Office Decoration Artificial House Plants"
Fake Bonsai Trees,"YYWJ Artificial Bonsai Tree, Fake Cedar Tree Potted Plant, Simulation Japanese Pine Bonsai Plant Ornament 26 / 39CM Height for Office Restaurant Home"
Fake Orange Tree,Closer to Nature Artificial 3ft 3″ Orange Tree – Artificial Silk Plant and Tree Range
Fake Orange Tree,Closer2Nature FT044OW Artificial 1ft 3” Mini Orange Tree
Fake Orange Tree,Garden Market Place Artificial Plants – 1.2M Tall Artificial Orange Tree With Pot
Fake Orange Tree,"Kumquat Tree | Orange Tree Plant | Fruit Tree | houseplant | Height 50cm | Pot 15cm | Potted Citrus Tree (50, Without Pot Cover)"
Fake Orange Tree,Mini Orange Tree 25cm – 1 Tree
Fake Orange Tree,Olive Grove 1.2M Tall Artificial Orange Tree With a 34cm Granite Effect Planter
Fake Olive Tree,4ft Premium Quality Artificial Olive Standard Tree (Set of 2)
Fake Olive Tree,Flore Office Artificial Giant Olive Tree (240 cm) Top of the Range Olive Tree
Fake Olive Tree,Flore Office Artificial Large Head Olive Tree (210 cm) Top of the Range Olive Tree
Fake Olive Tree,Flore Office Artificial Tree Olive Tree (350 cm) Top of the Range Olive Tree Artificial Trees
Fake Olive Tree,Flore Office Top of the Range Artificial Olive Tree Head (150 cm) Mediterraneen Artificial Trees
Fake Olive Tree,Flore Office Top of the Range Artificial Olive Tree Head (95 cm) Olive Tree
Fake Olive Tree,Hardy Standard Olive Trees (Pair)
Fake Olive Tree,"Leaf LEAF-7148 Artificial Olive Topiary Fruit Tree Black Plastic Pot Design UK, 90cm (3ft)"
Fake Olive Tree,"Leaf LEAF-7149 Artificial Olive Topiary Fruit Tree Black Plastic Pot-by Design UK, 120cm (4ft)"
Fake Olive Tree,MyWheelieBin Simulation Of Olive Tree Fake Tree Decoration Large Green Plant Fake Tree Living Room Floor Bonsai Indoor Potted Plant 1.3m olive tree (including pots)
Fake Olive Tree,Olea Europaea- Olive Trees – Half standards – Established Plants Approx 100 cm Tall
Fake Olive Tree,Olea Europeana | Olive Tree | Outdoor Fruit Tree | Height 90-100cm | Pot Ø 22cm
Fake Olive Tree,Olive ‘Olea Europa’ Tree | Hardy Ornamental Potted Patio Trees for Small Gardens | Bushy Olea Europaea Plant in Pots | 2-3ft (1 Tree)
Fake Bay Tree,Olive Grove Set of 2-1.6M Tall Artificial Bay Trees With Pots
Fake Olive Tree,Olive Tree (Olea Europaea) 1/2 Standard
Fake Olive Tree,Olive Tree Standard 90-100cm Tall in an 20cm Pot
Fake Olive Tree,Olive Tree | Olive Trees in pots | Indoor Plant & Outdoor Plant | Olea Europaea | Height 100 cm (3.3ft)
Fake Olive Tree,ZPEE Simulation grass Artificial Olive Tree in Decorative Container Faux Tree Plant Fake Olives Leaf Large Home Floor Artificial Green Plant Potted ，2.3-Feet Artificial plant (Color : A)
Fake Monstera Plant,AIVORIUY Artificial Palm Leaves with Stems Tropical Plant Large Faux Turtle Leaf Artificial Plants Monstera Leaves Safari Leaves for Home Hawaiian Luau Party Wedding Jungle Decorations Table Plant
Fake Palm Trees,Artificial Fan Palm Phoenix Tree Home Office Interior Decoration
Fake Monstera Plant,"Artificial Trees, 2 Set of 16 Inches Artificial Plants Faux Trees with Monstera and Palm Trees in Black Potted Plant for Home Office Indoor Outdoor Decoration, Monstera & Palm Trees, 2 Packs"
Fake Palm Trees,Best Artificial 150cm / 5ft Areca Palm Tree Tropical Office Conservatory Indoor Outdoor Garden Plant
Fake Palm Trees,Best Artificial Spider Finger Palm Tree Tropical Office Conservatory Indoor Outdoor Garden Plant … (3ft / 90cm)
Fake Palm Trees,Closer to Nature Artificial 5ft Areca Palm Tree – Artificial Silk Plant and Tree Range
Fake Palm Trees,Closer2Nature Artificial 6ft Finger Palm Tree – Portofino Planter Not Included
Fake Palm Trees,FloralStem 130 cm Artificial Phoenix Palm Plant Exotic Decor for Home & Office
Fake Palm Trees,HOMESCAPES Sago Palm Tree Artificial Cycas Plant Home Office Indoor Decorative Plant Green 75 cm (2.5 ft) with Black Pot
Fake Palm Trees,INMOZATA Artificial Areca Palm Tree Tropcial Plant Decorative Plants in Pot for Indoor Outdoor Garden 130cm
Fake Palm Trees,"Kentia Palm | Howea forsteriana | houseplant | Indoor Plant | Height 90-150 cm | Pot 19 cm | Living Room Ready Potted Plant (90 cm, Without Pot Cover)"
Fake Palm Trees,"Leaf LEAF-7018 Design UK Realistic Extra Large Artificial Princess Palm Tree (90cm Natural), Green"
Fake Palm Trees,"Leaf LEAF-7075 Design UK Realistic Extra Large Artificial Princess Palm Tree, 100cm Brown Trunk"
Fake Palm Trees,Leaf LEAF-7084 50cm Artificial Palm Tree Plant
Fake Palm Trees,"Leaf LEAF-7107 90cm Artificial Areca Palm Tree-Large, Green"
Fake Palm Trees,"Leaf LEAF-7152 Design UK Realistic Extra Large Artificial Princess Palm Tree, White Trunk, 100cm"
Fake Palm Trees,"momoplant Artificial Croton Palm Tree, 39inch/100cm Artificial Silk Plant for Home or Office with Pot"
Artificial Cheese Plant,"Outsunny 100cm/3.3FT Artificial Monstera Tree Decorative Cheese Plant 21 Leaves with Nursery Pot, Fake Tropical Palm Tree for Indoor Outdoor Décor"
Fake Palm Trees,Outsunny 120cm/4FT Artificial Palm Tree Decorative Plant w/ 19 Leaves Nursery Pot Fake Plastic Indoor Outdoor Greenery Home Office Décor
Fake Palm Trees,Outsunny 140cm/4.6FT Artificial Palm Plant Decorative Tree w/ 20 Leaves Nursery Pot Fake Plastic Indoor Outdoor Greenery Home Office Décor
Fake Palm Trees,Outsunny 150cm(5ft) Artificial Palm Tree Decorative Indoor Faux Green Plant w/Leaves Home Décor Tropical Potted Home Office
Fake Palm Trees,"Outsunny 60cm/2FT Artificial Palm Tree Decorative Plant 8 Leaves with Nursery Pot, Fake Tropical Tree for Indoor Outdoor Décor"
Artificial Cheese Plant,"Outsunny 85cm/2.8FT Artificial Monstera Tree Decorative Cheese Plant 13 Leaves with Nursery Pot, Fake Tropical Palm Tree for Indoor Outdoor Décor"
Fake Palm Trees,Outsunny Artificial Palm Tree
Fake Palm Trees,"Palm Tree | Indoor Potted Plant | Houseplant | Areca | Height 100-125 cm | Easy Maintenance (100cm, Without Pot Cover)"
Fake Palm Trees,Tradala 3’ Lush Artificial Tree in White Pot – Palm 90cm / 3ft Tall with Real Wood Trunk – For Home Living Room Indoors
Fake Palm Trees,Tradala 3’ Lush Artificial Tree Palm 90cm / 3ft Tall with Real Wood Trunk – For Home Living Room Indoors
Fake Palm Trees,Tradala 4’3” Lush Artificial Tree Large Palm 130cm / 4ft 3” Tall with Real Wood Trunk – For Home Living Room Indoors
Fake Pyramid Trees,2 x Artificial Boxwood Topiary Pyramid Trees in Black Square Planter (4ft/120cm)
Artificial Topiary Trees,2 x Artificial Trees 3ft Pyramid Cones – Indoor artificial trees – Topiary trees
Artificial Topiary Trees,60cm Artificial Topiary Boxwood Obelisks (Pair)
Fake Pyramid Trees,Artificial Tree: 3ft Pyramid Cone
Artificial Cedar Trees,"artplants.de Artificial Cedar LEONARDO, green, 6ft/180cm – Artificial cypress tree/Fake tree"
Fake Pyramid Trees,"artplants.de Faux Boxwood pyramid topiary TOM, decorative pot, 3ft/100cm – Artificial pyramid tree/Fake topiary"
Fake Bay Tree,FabFinds Artificial Topiary Tree Pyramid Bay Potted Tree Plant for Garden Patio Outdoor and Indoors – 70cm Tall
Fake Boxwood Trees,"GreenBrokers 2 x Premium Quality Artificial Boxwood Pyramid Trees in Square Planter (3ft/90cm), Black, 90cm"
Fake Pyramid Trees,INMOZATA Pair of Artificial Topiary Pyramid Cone Tree Boxwood Plant High for Garden Indoors Outdoor (120cm)
Fake Pyramid Trees,"The Fellie Replica Artificial Plant Pyramid Boxwood Tree 2 Pack, 4ft (120CM) Indoor Home Office Decorative Fake Plant"
Fake Pyramid Trees,Tradala 4’ Lush Artificial Pyramid Bay Tree 120cm / 4ft Tall with Real Wood Trunk – For Home Living Room Indoors
Fake Pyramid Trees,"UK-Gardens Artificial Plants – 5ft Pyramid Bay Tree in a Pot – Indoor Plant, House Plant or Office Plant"
Fake Pyramid Trees,Wyxy Pair of Artificial Topiary Pyramid Cone Tree Boxwood Plant High for Garden Indoors Outdoor (120cm)
Fake Pineapple Trees & Plants,Artificial Succulent Plant 7.8″ Porcelain Pot Pineapple Shape Home & Garden Decoration (Rose Gold)
Fake Pineapple Trees & Plants,Best Artificial 30cm x 15cm Large Realistic Pineapple Fruit
Fake Pineapple Trees & Plants,BLASCOOL Fake Plants Artificial Succulent Decor – Fake Pineapple Faux Decorative Plants in Port for Home Kitchen Bathroom bedroomby (Rosegold)
Fake Pineapple Trees & Plants,BUZZ Miniature Artificial Pineapple Plant/Succulent/Houseplant in White Pineapple Shape Ceramic Plant Pot with Pebble Detail – 12cm
Fake Pineapple Trees & Plants,"Cavis Artificial Potted Succulent Plants Set, Faux Succulents in Pots Home Decor (Gold)"
Fake Pineapple Trees & Plants,"cherrypop Potted Artificial Succulent Decoration, Fake Pineapple Plant for Home Office Tabletop Decoration (Orange)"
Fake Pineapple Trees & Plants,EliteKoopers 68cm Artificial Pineapple Tree For Home Office Outdoors Decoration Item
Fake Pineapple Trees & Plants,Fauge 4Pack Artificial Pineapple Grass Air Plants Fake Flowers Faux Flocking Tillandsia Bromeliads Home Garden Decor
Fake Pineapple Trees & Plants,"Geko Artificial Pineapple Tree 68cm, Green, Large, One Size"
Fake Pineapple Trees & Plants,HoitoDeals Artificial Pineapple Tree For Home Office Outdoors Decor Novelty Item
Fake Pineapple Trees & Plants,"Hopeful Artificial Fake Plants Pine needles pineapple No Fade High simulation Suitable for home decoration, exterior landscaping, bedroom, outdoor yard, wedding, Gift for women etc."
Fake Pineapple Trees & Plants,"Lvydec Potted Artificial Succulent Decoration, Fake Pineapple Plant for Home Office Tabletop Decoration (White)"
Fake Pineapple Trees & Plants,Melody Maison Artificial Succulent Plant in Pineapple Pot
Fake Pineapple Trees & Plants,"Midream Pineapple Plant Ornamental, Artificial Potted Succulent Plants Set Faux Succulents in Pots Home Decor with Leaves (Gold)"
Fake Pineapple Trees & Plants,Pineapple Shaped Novelty Artificial Succulent House Plant with Ceramic Gold Plant Pot
Fake Pineapple Trees & Plants,Resin Flower Pot Decor Pineapple-Shaped Resin Flower Pot Planters Home Decor Craft – Yellow
Artificial Cheese Plant,"Artificial 11 Leaves Monstera Deliciosa Plant 3.94ft/120cm Fake Tropical Palm Tree, Perfect Faux Swiss Cheese Plants in Pot for Indoor&Outdoor ,1 Pack"
Artificial Cheese Plant,Artificial Tree Home Plant Decor Artificial Monstera Deliciosa Plant Fake Tropical Palm Tree Perfect Faux Swiss Cheese Planter Pot for Home Garden Office Store Decoration Fake Decorative Plants House
Artificial Cheese Plant,"artplants.de Artificial Philodendron Monstera Deliciosa ARELA, green, 33″/85cm – Artificial cheese plant/Faux monstera plant"
Artificial Cheese Plant,"artplants.de Fake Philodendron Monstera Deliciosa LASO, 4ft/120cm – Artificial cheese plant/Faux monstera plant"
Artificial Cheese Plant,"artplants.de Fake Philodendron Selloum AWEO, 3ft/95cm – Artificial cheese plant/Faux monstera plant"
Artificial Cheese Plant,"artplants.de Fake philodendron selloum SILAS, 80cm – Artificial cheese plant/Faux monstera plant"
Artificial Cheese Plant,"artplants.de Plastic Split Philodendron seedling, 4 leaves, potted, 4ft/120cm – Cheese plant/Artificial philodendron"
Artificial Cheese Plant,"BESAMENATURE 30 Inch Artificial Monstera Deliciosa Plant, Faux Swiss Cheese Plant for Home Office Decoration"
Artificial Cheese Plant,"Closer2Nature Artificial 4ft Swiss Cheese Plant, P105W"
Artificial Cheese Plant,Garden Market Place 1.2M Tall Artificial Cheese Plant (Monstera) Complete With 34cm Granite effect planter
Artificial Cheese Plant,Indoor 30-40cm Potted | Monstera Deliciosa Swiss Cheese Plant
Artificial Cheese Plant,Indoor Plant -House or Office Plant -Monstera deliciosa – Swiss Cheese Plant Approx 60cms Tall
Artificial Cheese Plant,"momoplant Artificial Monstera Deliciosa Plant, 47inch/120cm Fake Tropical Palm Tree, Set of 2 Faux Swiss Cheese Plants for Indoor Outdoor Decor"
Artificial Cheese Plant,Monstera Deliciosa | Swiss Cheese Indoor Plant | Air Purifying | Height 70 cm | Pot-Ø 21 cm
Artificial Cheese Plant,"Outsunny 100cm/3.3FT Artificial Monstera Tree Decorative Cheese Plant 21 Leaves with Nursery Pot, Fake Tropical Palm Tree for Indoor Outdoor Décor"
Artificial Cheese Plant,"Outsunny 85cm/2.8FT Artificial Monstera Tree Decorative Cheese Plant 13 Leaves with Nursery Pot, Fake Tropical Palm Tree for Indoor Outdoor Décor"
Artificial Cheese Plant,Swiss Cheese Plant (Monstera deliciosa) in 13/14cm Pot. 40-50cm Tall Approx.
Artificial Cheese Plant,"Swiss Cheese Plant Indoor Evergreen House Plant Monstera Plant for Home, Office & Conservatory with Large, Glossy Exotic Leaves, 1 x 11cm Pot by Thompson & Morgan"
Artificial Cheese Plant,URBNLIVING Artificial Plants in Pots 90cm Tropical Jungle Plants (Swiss Cheese Plant)
Artificial Cheese Plant,"whyshare 26cm Artificial Potted Cheeseplant Monstera, Variegated Ivy and Tropical Leaf Mini Plants Bedroom Outdoor Faux indoor plant set x3"
Artificial Cheese Plant,whyshare Faux Artificial Green Monstera Swiss Cheese Plant Split-Leaf Philodendron Home Office/Indoor and Outdoor in white Pot 36cm
Artificial Cheese Plant,"WhyShare Faux Artificial, Leaf Monstera Large Swiss Cheese Plant, Home office and Indoor/Outdoor Green in Cement Pot 50cm"
Artificial Cheese Plant,"whyshare Faux Artificial, Leaf Monstera Swiss Cheese Plant, Home office and Indoor/Outdoor Green in Cement Pot 33cm"
Artificial Cheese Plant,"YouGarden Monstera deliciosa (Swiss Cheese Plant) in 14cm Pot 50cm Tall Houseplant, Green"
Artificial Agapanthus Plants,"artplants.de Artificial agapanthus NASH, blue, 30″/75cm – Fake agapanthus"
Artificial Agapanthus Plants,"artplants.de Artificial agapanthus NASH, cream, 30″/75cm – Fake agapanthus"
Artificial Agapanthus Plants,"artplants.de Set 12 x Artificial Agapanthus MAILIN, cream, 28″/70cm, Ø 5.1″/13cm – Artificial flower/Silk flower"
Artificial Agapanthus Plants,"artplants.de Set 2 x Artificial Agapanthus INJALA in a root ball, 6 flowers, blue, 31″/80cm – 2 pieces Artificial flowering plant/Fake agapanthus"
Artificial Agapanthus Plants,"artplants.de Set 6 x Artificial flower Agapanthus GERARD, blue, 3ft/90cm – 6 pcs Fake agapanthus"
Artificial Agapanthus Plants,Emerald Artificial Agapanthus 75cm Blue Faux Lifelike Indoor Plant Greenery
Artificial Agapanthus Plants,Emerald Artificial Agapanthus 75cm Cream Faux Lifelike Indoor Plant Greenery
Fake Taro Trees,Geko 1-Piece Extra-Large 105 cm Artificial Taro Plant
Fake Taro Trees,"Geko Artificial Taro Tree 145cm, Green, Large, One Size"
Fake Taro Trees,"Geko Artificial Taro Tree with 3 Trunks 150cm, Green, Large, One Size"
Fake Evergreen Trees,"momoplant Artificial Indoor Plant Decor, 47inch/120cm Evergreen Taro Palm Tree for Home Office"
Fake Spiral Trees,2 x Artificial Topiary Boxwood Spiral Trees (3ft/90cm)
Artificial Topiary Trees,2 x Artificial Topiary Boxwood Spiral Trees (5ft/150cm)
Fake Spiral Trees,2.95 ft Artificial cypress spiral topiary trees Topiary Trees Artificial Plants Green Spiral Cypress Tree Fake Plant Swirl Topiaries decoration Indoor or Outdoor，35 Inch Spiral Tree-2 Pack
Artificial Cypress Tree,"35 Inch/2.95ft Artificial Topiary Spiral Cypress Trees Ceder Trees Boxwood Topiary Artificial outdoor Faux Topiary Spiral Cypress Trees Artificial Topiary Trees,Faux topiary Boxwood trees,Set of 2"
Fake Spiral Trees,"Artificial Buxus (Boxwood) Topiary Spiral Tree – Real Wood Trunk, suitable for Outdoor use."
Artificial Cypress Tree,Artificial Cypress Topiary Spiral Tree – 1.2m (4ft) – UV resistant – Indoor/Outdoor Use
Artificial Cypress Tree,Artificial Cypress Topiary Spiral Tree – 1.5m (5ft) – UV resistant – Indoor/Outdoor Use
Fake Spiral Trees,Artificial Spiral Boxwood Topiary Trees 3ft/96cm – Best Quality (Set of 2)
Fake Spiral Trees,"Artificial Topiary Boxwood Spiral Trees (4ft/120cm), Pack of 2"
Artificial Cedar Trees,Best Artificial 120cm 4ft Cedar Conifer Spiral Topiary Tree **UV Fade Protected**
Fake Plants,Best Artificial 2 (TM) 90cm 3ft Cedar Conifer Spiral Topiary Trees alt Boxwood Buxus **UV Fade Protected**
Fake Spiral Trees,Best Artificial 3ft 90cm Boxwood Buxus Topiary Spiral Tree **UV Fade Protected**
Artificial Cedar Trees,Best Artificial 5ft 150cm Cedar Double Twist Spiral Topiary Tree **UV Fade Protected**
Artificial Cedar Trees,Best Artificial 90cm 3ft Cedar Conifer Spiral Topiary Tree alt Boxwood Buxus **UV Fade Protected**
Artificial Topiary Trees,Best Artificial Natural Look 3ft 90cm Boxwood Topiary Spiral Tree UV Fade Protected
Artificial Cedar Trees,Best Artificial Pair of 120cm 4ft Cedar Conifer Spiral Topiary Trees **UV Fade Protected**
Artificial Cedar Trees,"GreenBrokers Artificial Spiral Cedar Conifer Trees 4ft/120cm-Best Quality (Set of 2), Green, 30x30x120 cm"
Artificial Cypress Tree,Home Pure Garden 3-Foot-Tall Artificial Cypress Spiral Topiary Indoor or Outdoor UV Protection Trees in Pot Office
Fake Spiral Trees,INMOZATA Pair of Artificial Topiary Swirl Trees Boxwood Spiral Trees Plant 4t/120cm High for Garden Indoors Outdoor
Fake Spiral Trees,"Leaf Design UK Artificial Boxwood Spiral Trees with Metal Tips, Mixed Materials, Green, 90cm"
Fake Spiral Trees,"Leaf LEAF-7164 Artificial Boxwood Tower Tree Topiary Spiral Twist Metal Top Design UK, 120cm (4Ft) Tall"
Fake Spiral Trees,"momoplant 2 Set Artificial Spiral Boxwood Topiary Trees, 3 Ft / 90cm Realistic Buxus for Outdoor and Indoor Decor with Black Pot"
Fake Spiral Trees,momoplant 35 Inch Spiral Topiary Artificial Outdoor Artificial Topiary Tree Faux Topiaries swirl Tree Indoor Boxwood Spiral Topiary Trees 2 Pack
Fake Spiral Trees,"momoplant 35 inches/2.95ft Artificial trees Artificial Boxwood Spiral Topiary Trees Boxwood Topiary Artificial outdoor faux topiary trees outdoor,set of 2pcs"
Artificial Cypress Tree,"momoplant Artificial Spiral Trees, 2 Set of 3 Ft / 90cm Topiary Cypress Plants for Outdoor and Indoor Decor with Black Pot"
Fake Spiral Trees,momoplant Set of 2 UV Artificial Milan Tree，Artificial Spiral Boxwood Topiary Tree，Pair of 80cm Faux Buxus Plant for Outdoor Indoor Decor
Fake Spiral Trees,OTZ 2 x Spiral Tree Artificial Topiary Swirl Tree (100cm)
Fake Spiral Trees,Outsunny Set of 2 Artificial Boxwood Spiral Topiary Trees Potted Decorative Plant Outdoor and Indoor Décor 112cm
Artificial Topiary Trees,Oypla Set of 2 Artificial Topiary Boxwood Spiral Trees 80cm Indoor Outdoor Decoration
Fake Spiral Trees,Pair of Best Artificial 5ft 150cm Cedar Conifer Spiral Topiary Trees **UV Fade Protected**
Fake Spiral Trees,"The Fellie Artificial Potted Plant Spiral Tree 2 Pack, 4ft (120CM) Home Office Decorative Fake Plant"
Artificial Cedar Trees,Warmiehomy Pair of Artificial Plants Cedar Spiral Topiary Tree Artificial Tree 90cm Artificial Plant for Ourdoor Indoor Conservatory Decoration
Artificial Hanging Plants,Adisputent 2 Pack Artificial Hanging Plant Ivy Fake Flower Garland Vine Greenery Green Leaves Wedding Home Wall Decoration Green dill
Artificial Hanging Plants,"Blulu Artificial Ivy Hanging Vine Plant Leaves Garland for Christmas Wedding Party Garden Wall Decoration, 2 Pack"
Artificial Hanging Plants,CCINEE 2 Pieces 35.4″ Artificial Ivy Hanging Vine Plant Leaves Garland for Christmas Wedding Party Garden Wall Decoration
Artificial Hanging Plants,"CQURE 24 Pack 168Ft Artificial Ivy Garland,Ivy Garland Fake vine UV Resistant Green Leaves Fake Plants Hanging Vine Plant for Wedding Party Garden Wall Decoration"
Artificial Ivy Plants,"MARTHA&IVAN Artificial Ivy –M&I Design 14 Pack 115Ft, Fake Ivy Garland Decorations,Fake Plants,Fake Vine,Vine Decoration for Wedding,Party, Garden, Home Decoration (14 Pack Ivy)"
Artificial Hanging Plants,"Mocoosy 2 Pack Artificial Hanging Plants with Baskets, Fake Hanging Ivy Vine Wall Hanging Plants Greenery for Home Garden Room Wedding Decorations"
Artificial Hanging Plants,SMALUCK 24 Pack 168 Ft Artificial Ivy Garland Fake Ivy Vine Hanging Plant for Christmas Decorations Wedding Garland Fake Foliage Flowers Home Kitchen Garden Office Wedding Wall Decor
Artificial Hanging Plants,SPTwj 2 Pack Artificial Ivy Vine Artificial Plants Fake Ivy Hanging Home garden Office Outdoor Indoor Decor Red
Artificial Hanging Plants,SPTwj 2 Pack Artificial Ivy Vine Artificial Plants Fake Ivy Hanging Home Office Outdoor Indoor Decor Total length of about 77 cm Purple
Artificial Hanging Plants,SPTwj 2 Pack Artificial Ivy Vine Artificial Plants Fake Ivy Hanging Home Office Outdoor Indoor Decor Total length of about 77 cm yellow
Artificial Hanging Plants,"Warmiehomy Artificial Plants Wisteria Ivy Vine Hanging Fake Flower Vine Greenery Garland for Wedding Party Home Wall Balcony Outdoor Summer Decoration, Hot Pink"
Artificial Hanging Plants,YGSAT 2 PCS Hanging Garland Vine Flower Trailing Bracket plant| Artificial Ivy|Artificial Flowers Fake Wisteria Office Decoration Home Decoration Party Decoration Wedding Decoration-Green
Artificial Trailing Plants,FUJIE 2 Pcs Artificial Ivy Vine Artificial Plants Fake Ivy Hanging Garland Trailing Bracket plant for Outdoor Indoor Hanging Basket Decor
Artificial Trailing Plants,Hawesome artificial Hanging Plant Ivy Vines Trailing Plant Ivy Garland Wall Leaves Greenery Garden Decoration 1 Set without basket
Artificial Trailing Plants,HUAESIN 2 Pcs Artificial Trailing Plants Face Trailing Ivy Plants Fake Silk Hanging Willow Leaves Ivy Vine Plastic Faux False Weeping Drooping Plants House Wedding Garden Wall In/Outdoor Decor
Artificial Trailing Plants,HUAESIN 2 Pcs Artificial Trailing Plants Fake Fern Trailing Plants Long Faux House Plants Platic Hanging Plants Kimberly Queen Boston Fern for Wall Basket Home Garden Hanging Decor 115cm
Artificial Trailing Plants,HUAESIN 3Pcs Artificial Trailing Plants Purple Fake Silk Hanging Plants Faux Hanging Ivy Vine Garland Plants for Home Bedroom Wedding Party Wall Balcony Outdoor Hanging Decor
Artificial Trailing Plants,JPGhaha 2 Pack Artificial Hanging Ferns Plant 83cm Plastic Persian Rattan Fake Trailing Hanging Plant Faux Hanging Boston Ferns Flowers Vine Outdoor Wall Indoor Hanging Baskets Wedding Garland Decor
Artificial Trailing Plants,KingYH 2 Pack Artificial Hanging Vines Plants Plastic Fake Trailing Weeping Ivy Vine Greenery Drooping Plant for Wall Indoor Outside Garden Wedding Hanging Pot Basket Decoration
Artificial Trailing Plants,KingYH 2 Pack Artificial Trailing Hanging Plants Green Leaves Ivy Faux Plastic Fake Hanging Garland Ivy Vine for Home Garden Wedding Wall Hanging Basket Decoration
Artificial Trailing Plants,MIHOUNION 2pcs Artificial Trailing Plants Fake Hanging Plants Plastic Faux Foliage Greenery House Plant for Indoor Outside Home Bedroom Garden Wedding Hanging Pot Basket Decor
Artificial Trailing Plants,MIHOUNION 2pcs Fake Trailing Climbing Plants Artificial Hanging Ferns Plant Plastic Hanging Greenery kimberly Queen Boston Fern for Wall Indoor Outside Hanging Basket Decor
Artificial Trailing Plants,"NIBESSER 2 Packs Hanging Plants Fake Artificial Ivy Vines Green, Artificial Hanging Vines Spring Leaf Drooping Trailing Weeping Plants, Artificial Vines for Wall Bedroom Indoor Outside Garden Wedding"
Artificial Trailing Plants,NUHUAA 2Pcs Artificial Hanging Plants Spring Fake Ivy Hanging Purple Plastic Fake Trailing Weeping Artificial Plant for Wall Indoor Outdoor Garden Wedding Hanging Decoration 75cm/29. 5Inch
Artificial Wisteria Plant,12PCS/Lot Artificial Flowers Fake Wisteria Vine Silk Flower for Wedding Decorations Home Garden Party Decor Simulation Flower 110CM/Piece (Purple)
Artificial Wisteria Plant,Adisputent Artificial Flowers Wisteria Vine Fake Flowers Hanging Plants Wall Home Basket Decor Pack of 2 Outdoor Balcony Basket Garden Party Wedding Christmas Decorations (yellow)
Artificial Wisteria Plant,Adisputent Artificial Wisteria Vine Fake Flowers Hanging Plant Wall Home Balcony Basket Decor Pack of 2 (Red)
Artificial Wisteria Plant,Closer2Nature Artificial 5ft Lilac Wisteria Tree – Portofino Planter Not Included
Artificial Wisteria Plant,"GreenBrokers Premium Artificial Lilac Wisteria Tree 150 cm Potted Plant, Purple"
Artificial Wisteria Plant,MARTHA&IVAN 14 PCS Artificial Wisteria Fake Wisteria Garland Faux Wisteria Artificial Wisteria Vine Garland (Purple 14 Pack)
Artificial Wisteria Plant,MJARTORIA 2 PCS Artificial Ivy Garland Fake Flowers Wisteria Hanging Vine Plants Drooping Plants Wall Hanging for Garden Home Hanging Basket Decoration Outdoor
Artificial Wisteria Plant,MJARTORIA 2pcs Artificial Wisteria Vine Artificial Plants Fake Flowers Hanging Plant Wall Home Balcony Basket Decor for Home Decor Indoor
Artificial Wisteria Plant,"New rui cheng Artificial Flower, Vine Ratta Hanging Garland Silk Wisteria Flowers Purple String 12 Pack Set 3.6 Feet Fake Flowers Green Leaves Plastic Plant String for Home Party Garden Wedding Decor"
Artificial Wisteria Plant,"New rui cheng Artificial Hanging Plants, Artificial Leaves White Wisteria Flower 12 Pack Fake Vine Hanging Plant Artificial Vine Plant Garland Green Leaves Fake Plastic Plant Garden Wedding Wall Decor"
Artificial Wisteria Plant,NORTHERN BROTHERS Flower Garland Fake Flowers Wisteria Artificial flowers For Decoration Outdoor Plants 4pcs
Artificial Wisteria Plant,Pauwer 24 Pieces Artificial Flowers Fake Wisteria Garland Hanging Wisteria Silk Flowers for Home Decoration Weddings Home Garden Party
Artificial Wisteria Plant,Souarts Artificial Wisteria Basket Artificial Vine Flowers for Hanging Basket Fake Hanging Flowers Simulation Flowers Vine Wedding Bouquet Home Decoration
Artificial Wisteria Plant,"Tifuly 12 Pcs Artificial Wisteria Vines, 3.6 FT Fake Wisterias with 3 Branches, Long Wall Garland Silk Hanging Flower for Home Party Wedding Ceiling Decoration(12Pcs,Off-White)"
Artificial Wisteria Plant,VINFUTUR 5 x 7 FT Artificial Wisteria Vine Garland Plants Fake Flowers Hanging Garland for Home Party Garden Wedding Decoration (Purple)
Artificial Wisteria Plant,XHXSTORE 12PCS 3.6 Feet Wisteria Artificial Flowers Hanging Wisteria Garland Fake Wisteria Vine Ratta Faux Silk Wisteria Ivy Hanging Flower Wedding Garden Home Party Hotel Decor White
Fake Caladium Plant,Artificial Caladium Plant with Pot 70 cm Green and Red
Fake Caladium Plant,"Artificielles.com Artificial Caladium in Pot, H 40 cm D 50 cm, Large Fabric Leaves"
Fake Caladium Plant,"Nearly Natural Caladium Artificial Plant in Black Glossy Planter, Green"
Fake Caladium Plant,Tidyard Artificial Plant Caladium Tree with Pot Outdoor&Indoors Plant Bonsai Display in Home 70 cm Green and Red
Fake Caladium Plant,vidaXL Artificial Caladium Plant with Pot 70cm Green and Red Lifelike Fake
Fake Aloe Vera Plants,Aloe Vera houseplant Healing Succulent
Fake Aloe Vera Plants,"Aloe Vera Plant | Pure Succulent Plant | with Healing Aloe Vera Gel | Height 25-30cm | Pot Size Ø 10,5cm"
Fake Aloe Vera Plants,"artplants.de Artificial Plants Set – Alejandra with Aloe, Yucca, Echeveria, Crassula Artificial Cactus in Ceramic Pot, 18cm"
Fake Aloe Vera Plants,Best Artificial 60cm 2ft Aloe Vera Plant Indoor Outdoor Tropical Office Conservatory Garden Tree
Fake Aloe Vera Plants,"Clas Ohlson ® Artificial Aloe Vera Bonsai in a Pot, 30 cm High, 14 cm Diameter, Fake Indoor Plant with Pot"
Fake Aloe Vera Plants,"Fantastic Delightful Aloe Vera Plant Excellent healing benefit – Aloe Vera Gel – Next day delivery option – Aloe Vera, Aloe vera plants, Aloe plant, Aloe Vera plant, Healing, Aloe Vera Gel, evergreen, easy care, treating burns cuts rashes, gift, plant gif"
Fake Aloe Vera Plants,"Flair Flower Succulents in Wooden Arrangement Fake Cactus Artificial Pot Green Plant Aloe Vera Flower Table Decoration, ca. 11x8x13 cm"
Fake Aloe Vera Plants,"Homescapes Lifelike Artificial Succulent Purple & Green Aloe Vera Plant in Round Decorative Black Pot, 21cm Tall for Indoor Use"
Fake Aloe Vera Plants,"Homescapes Lifelike Large Artificial Succulent Potted Aloe Vera Plant in Round Black Plastic Pot, 45cm Tall Lifelike Faux Cactus for Indoor Decoration"
Fake Aloe Vera Plants,"Homescapes Lifelike Small Artificial Succulent Potted Aloe Vera Plant in Round Black Plastic Pot, 30cm Tall Lifelike Faux Cactus for Indoor Decoration"
Fake Aloe Vera Plants,"momoplant 23 inch / 1.9 ft Artificial Succulent Fake Aloe for Home Office Decor,Faux Succulent Plant with Black Plastic Planter,Artificial tree"
Fake Aloe Vera Plants,Palmtree Home Decorative Owl with Artificial Succulent Aloe Vera 28x14centimeter. Realistic Fake Plastic Plant with Impressive Detail in Fancy Pot Requires No Care. Perfect for Home and Office
Fake Aloe Vera Plants,The Recipe Miniature Aloe Vera in Glass Pot
Fake Aloe Vera Plants,"Wrenbury Artificial Aloe Vera in Geometric Plant Pot, 30cm | Fake Aloe Vera in Geometric Cement Planter | Artificial Plant Faux Succulent Fake Plant | Fake Aloe Vera Plant Artificial Indoor Plant"
Fake Aloe Vera Plants,"Wrenbury Artificial Aloe Vera Plant in White Plant Pot, 30cm | Reversible Stand | Luxury Artificial Plant Fake Plants | Decorative Home Decor Indoor Succulent Plant Pot"
Fake Aloe Vera Plants,WSG Aloe Vera Artificial Plant Tree 38 cm Grey Pot Decoration Flower
Fake Agave Plants,27″ H Sansevieria Snake Plant – artificial agave – green color– with pot – from MOMO plant
Fake Agave Plants,Artificial flower 1 Pcs Fake Desert Plants Artificial Flower Sansevieria Simulation Succulent Agave Plant Home Office Shop Garden Decor (random Delivery)
Fake Agave Plants,Artificial Plants Small Sansevieria Snake Plant with Black Plastic Planter Greenery Perfect Faux Agave Fake Plants in Pot for Home Office Indoor and Outdoo Décor (13.4″ Green/ 7 Leaves)
Fake Agave Plants,"artplants.de Set 2 x Fake agave furcraea gigantea KNOX, crossdoor, green, 3ft/100cm – Artificial agave/Silk plant"
Fake Agave Plants,Beebel Artificial Snake Plant 22″ Fake Sansevieria Potted Plants Plastic Greenery Perfect Faux Agave Plant for Home Garden Office Store Decoration
Fake Agave Plants,"Bird Fiy Artificial Snake Plant Faux Agave Fake Sansevieria Artificial Potted Plants for Indoor and Outdoor Home Office Decor (Green, 16)"
Fake Agave Plants,Flore Office Agave FURCRAEA 80 Artificial Agave 80 cm High-Quality Outdoor Artificial Plants
Fake Agave Plants,Flore Office Furcraea Artificial Agave (110 cm) Top of the Range Agave Outdoor Artificial Plants
Fake Agave Plants,"HOMESCAPES Green Agave Americana Artificial Succulent Plant with Brown Pot, 60 cm (24″)"
Fake Agave Plants,"Homescapes Large Artificial Agave Tree 100 cm Tall Faux Succulent Cactus Tree Realistic Green Leaves Potted in White Ceramic Square Planter with Faux Stones for Home, Office or Party Decoration"
Fake Agave Plants,Kaemingk Artificial Agave Green 55cm – Potted Plant
Fake Agave Plants,"momoplant 27″ Artificial Agave Sansevieria Plants with 22 leaves, Green Color with Pot for Indoor Outdoor Decor"
Fake Agave Plants,"momoplant Artificial Plant Succulent Spiked Agave, 46cm Table Plant for Indoor Home Office Decor with 17 Green Leaves"
Fake Agave Plants,"Nearly Natural 6565 Agave Decorative Silk Plant, Green,25x25x25"
Fake Agave Plants,"Nearly Natural Agave with Black Planter Artificial Plant, Green"
Fake Anthurium Plant,"20Pcs Artificial Anthurium Flowers Real Touch Fake Flower for Home Decor Floral Arrangements Bouquets (Red,Sunset red)"
Fake Anthurium Plant,"Artificial Calla Anthurium Plant Potted,Fake Plant Bonsai Artificial FlowerLily Faux Potted Plant with Black Pot for Home, Office, Indoor and Outdoor Occasions Decor (Color : Red)"
Fake Anthurium Plant,Artificial Plants Artificial Anthurium Plant With Pot 45 Cm Home Office Decorations
Fake Anthurium Plant,"artplants.de Artificial Anthurium with 3 blooms, 25 leaves, 31″/80cm – Plastic flower anthurium/Artificial plant"
Fake Anthurium Plant,"artplants.de Fake anthurium LIOSA on spike, red, 31″/80cm, 3.1″-4″/8x10cm – Artificial flowers/Plastic anthurium"
Fake Anthurium Plant,Bediffer Plastic Artificial Plant Fake Red Anthurium Flowers Bouquet For Wedding Home Garden Decor
Fake Anthurium Plant,E-Greetshopping Artificial Anthurium Plant with Pot 90 cm Red and Yellow
Fake Anthurium Plant,"Flair Flower anthurium Pot anthurie Flamingo Exotic Blum red Plastic Plants Made of Textile Artificial Decorative Flowers, 42x20x20 cm"
Fake Anthurium Plant,Flore Office Artificial Anthurium 2 Flowers (45 cm) Top of the Range Anthurium Tropical Artificial Plants
Fake Anthurium Plant,MARJON Flowers Anthurium Red Flamingo Flower Artificial Fake Outdoor Plant Bushes Silk Floral Arrangements Home Kitchen Bedroom Christmas Decor Pack of 2
Fake Anthurium Plant,"Nearly Natural 24” Mixed Anthurium (Set of 2) Artificial Plant, Red"
Fake Anthurium Plant,"Nearly Natural 6668 Anthurium with Fluted Glass Bowl Decorative Silk Plant, Red,6.75″ x 6.75″ x 22.5″"
Fake Anthurium Plant,Nearly Natural Anthurium Artificial Terracotta Planter Silk Plants Red
Fake Anthurium Plant,"Niunion Bouquet, Plastic Artificial Plant Fake Red Anthurium Flowers Bouquet Wedding Home Garden Decor"
Fake Anthurium Plant,SKM Artificial Anthurium Plant with Pot 90 cm Red and Yellow
Fake Anthurium Plant,TOPSALE 4 Bunches Artificial Fake Flowers Faux Anthurium Plants Plastic Shrubs Bushes Greenery Indoor Outside Hanging Planter Home Decorations
Fake Anthurium Plant,vidaXL Artificial Anthurium Plant with Pot 90cm Red and Yellow Realistic Fake
Fake Anthurium Plant,ZPEE Simulation grass Faux Plants Artificial Tropical Anthurium Lily Flowers with Ceramic Flowerpot for Home Living Room Office Lucky Decoration Decoration Artificial plant
